{
  "type": "FeatureCollection",
  "features": [
    {
      "type": "Feature",
      "geometry": {
        "type": "Polygon",
        "coordinates": [
          [
            [
              -73.5567165,
              45.5044869
            ],
            [
              -73.5566819,
              45.5044737
            ],
            [
              -73.5562947,
              45.5043376
            ],
            [
              -73.5563234,
              45.5042952
            ],
            [
              -73.5562575,
              45.5042724
            ],
            [
              -73.5562313,
              45.5043127
            ],
            [
              -73.5555578,
              45.5040777
            ],
            [
              -73.5555226,
              45.5040655
            ],
            [
              -73.5555132,
              45.5040758
            ],
            [
              -73.5552939,
              45.5042826
            ],
            [
              -73.5553249,
              45.5042938
            ],
            [
              -73.5553171,
              45.5043032
            ],
            [
              -73.5553577,
              45.5043172
            ],
            [
              -73.5552983,
              45.5043994
            ],
            [
              -73.5564816,
              45.5048156
            ],
            [
              -73.5564926,
              45.5048001
            ],
            [
              -73.5564848,
              45.5047963
            ],
            [
              -73.5565133,
              45.5047529
            ],
            [
              -73.5565243,
              45.5047558
            ],
            [
              -73.5565345,
              45.5047415
            ],
            [
              -73.5565259,
              45.5047386
            ],
            [
              -73.5566642,
              45.5045538
            ],
            [
              -73.5566731,
              45.5045569
            ],
            [
              -73.5566835,
              45.5045423
            ],
            [
              -73.5566727,
              45.5045376
            ],
            [
              -73.5566977,
              45.5044998
            ],
            [
              -73.5567048,
              45.5045032
            ],
            [
              -73.5567165,
              45.5044869
            ]
          ]
        ]
      },
      "properties": {
        "id": "building_0",
        "osm_id": 4320792,
        "area": 4352.13,
        "height": 7.0,
        "solar_score": 75.0,
        "azimuth": 350.6551094421375,
        "shading": 10.438366765776173,
        "roof_area": 3481.7,
        "annual_kwh": 391692.0,
        "payback_years": 22,
        "address": "110 Rue Notre-Dame Ouest, Montr\u00e9al, QC",
        "building_type": "institutional"
      }
    },
    {
      "type": "Feature",
      "geometry": {
        "type": "Polygon",
        "coordinates": [
          [
            [
              -73.5678899,
              45.5086786
            ],
            [
              -73.5679025,
              45.5086904
            ],
            [
              -73.5679102,
              45.5087088
            ],
            [
              -73.5679056,
              45.5087264
            ],
            [
              -73.5677475,
              45.5089788
            ],
            [
              -73.5674585,
              45.5091978
            ],
            [
              -73.5674295,
              45.5092064
            ],
            [
              -73.5673934,
              45.5092049
            ],
            [
              -73.5671238,
              45.5090817
            ],
            [
              -73.5671355,
              45.5090422
            ],
            [
              -73.5671101,
              45.5090319
            ],
            [
              -73.5671038,
              45.5090188
            ],
            [
              -73.5671362,
              45.5089303
            ],
            [
              -73.5671304,
              45.5089212
            ],
            [
              -73.567034,
              45.5089098
            ],
            [
              -73.5670319,
              45.5089267
            ],
            [
              -73.5668241,
              45.5088957
            ],
            [
              -73.5667563,
              45.5088807
            ],
            [
              -73.5667023,
              45.5088652
            ],
            [
              -73.5666579,
              45.5088483
            ],
            [
              -73.5666224,
              45.508828
            ],
            [
              -73.566606,
              45.5088016
            ],
            [
              -73.5665963,
              45.5087711
            ],
            [
              -73.5665911,
              45.508729
            ],
            [
              -73.5665919,
              45.5086743
            ],
            [
              -73.5666009,
              45.5086017
            ],
            [
              -73.5666143,
              45.508559
            ],
            [
              -73.566656,
              45.5084947
            ],
            [
              -73.5666949,
              45.5084617
            ],
            [
              -73.5667079,
              45.5084507
            ],
            [
              -73.5667506,
              45.5084231
            ],
            [
              -73.5668129,
              45.5083949
            ],
            [
              -73.56688,
              45.5083668
            ],
            [
              -73.5669621,
              45.5083408
            ],
            [
              -73.567015,
              45.5083298
            ],
            [
              -73.5670589,
              45.5083243
            ],
            [
              -73.5670844,
              45.5083242
            ],
            [
              -73.5671224,
              45.5083335
            ],
            [
              -73.5671556,
              45.5083499
            ],
            [
              -73.5671951,
              45.5083756
            ],
            [
              -73.5672477,
              45.5084133
            ],
            [
              -73.5672991,
              45.5084594
            ],
            [
              -73.5673585,
              45.508522
            ],
            [
              -73.5673871,
              45.5085522
            ],
            [
              -73.5674181,
              45.5085305
            ],
            [
              -73.567434,
              45.5085194
            ],
            [
              -73.5674618,
              45.5084965
            ],
            [
              -73.5674867,
              45.5084865
            ],
            [
              -73.5675177,
              45.5084816
            ],
            [
              -73.5675436,
              45.5084914
            ],
            [
              -73.5675624,
              45.50851
            ],
            [
              -73.5675782,
              45.5085258
            ],
            [
              -73.5675776,
              45.5085389
            ],
            [
              -73.5675772,
              45.5085494
            ],
            [
              -73.5676375,
              45.5085539
            ],
            [
              -73.5678899,
              45.5086786
            ]
          ]
        ]
      },
      "properties": {
        "id": "building_1",
        "osm_id": 19891257,
        "area": 5960.77,
        "height": 14.0,
        "solar_score": 95.0,
        "azimuth": 14.926211089604578,
        "shading": 9.024301853512181,
        "roof_area": 4768.62,
        "annual_kwh": 679528.0,
        "payback_years": 15,
        "address": "3299 Rue Crescent, Montreal, QC",
        "building_type": "commercial"
      }
    },
    {
      "type": "Feature",
      "geometry": {
        "type": "Polygon",
        "coordinates": [
          [
            [
              -73.5648954,
              45.5008998
            ],
            [
              -73.5649395,
              45.5010266
            ],
            [
              -73.5648145,
              45.5012042
            ],
            [
              -73.5647097,
              45.5012269
            ],
            [
              -73.5645684,
              45.5014279
            ],
            [
              -73.564537,
              45.5014176
            ],
            [
              -73.5645027,
              45.5013458
            ],
            [
              -73.5642286,
              45.5012502
            ],
            [
              -73.564195,
              45.5011763
            ],
            [
              -73.5640946,
              45.5011422
            ],
            [
              -73.5640409,
              45.501018
            ],
            [
              -73.5641623,
              45.5008401
            ],
            [
              -73.5642658,
              45.5008163
            ],
            [
              -73.5644106,
              45.5006173
            ],
            [
              -73.5644377,
              45.5006257
            ],
            [
              -73.5644712,
              45.5006989
            ],
            [
              -73.5646595,
              45.5007639
            ],
            [
              -73.5647455,
              45.5007936
            ],
            [
              -73.5647825,
              45.5008641
            ],
            [
              -73.5648954,
              45.5008998
            ]
          ]
        ]
      },
      "properties": {
        "id": "building_2",
        "osm_id": 19894607,
        "area": 3451.42,
        "height": 98.0,
        "solar_score": 79.0,
        "azimuth": 292.96044589265256,
        "shading": 11.0312610294629,
        "roof_area": 2761.14,
        "annual_kwh": 327195.0,
        "payback_years": 28,
        "address": "700 Rue de La Gaucheti\u00e8re Ouest, Montreal, QC",
        "building_type": "commercial"
      }
    },
    {
      "type": "Feature",
      "geometry": {
        "type": "Polygon",
        "coordinates": [
          [
            [
              -73.5642807,
              45.5016322
            ],
            [
              -73.5643757,
              45.5016692
            ],
            [
              -73.5643197,
              45.5017361
            ],
            [
              -73.5643366,
              45.5017675
            ],
            [
              -73.5641557,
              45.5020111
            ],
            [
              -73.5639717,
              45.5020531
            ],
            [
              -73.5636182,
              45.50193
            ],
            [
              -73.5635192,
              45.5018959
            ],
            [
              -73.5635713,
              45.5018213
            ],
            [
              -73.5635604,
              45.5017961
            ],
            [
              -73.563661,
              45.5016561
            ],
            [
              -73.5637399,
              45.5015523
            ],
            [
              -73.5639279,
              45.5015089
            ],
            [
              -73.5642807,
              45.5016322
            ]
          ]
        ]
      },
      "properties": {
        "id": "building_3",
        "osm_id": 19894610,
        "area": 2587.22,
        "height": 98.0,
        "solar_score": 90.0,
        "azimuth": 307.1148002987768,
        "shading": 18.34317759036788,
        "roof_area": 2069.78,
        "annual_kwh": 279420.0,
        "payback_years": 18,
        "address": "600 Rue de La Gaucheti\u00e8re Ouest, Montr\u00e9al, QC",
        "building_type": "commercial"
      }
    },
    {
      "type": "Feature",
      "geometry": {
        "type": "Polygon",
        "coordinates": [
          [
            [
              -73.5616976,
              45.5003776
            ],
            [
              -73.5617574,
              45.5004041
            ],
            [
              -73.56177,
              45.5003902
            ],
            [
              -73.5617764,
              45.500383
            ],
            [
              -73.5616106,
              45.5003097
            ],
            [
              -73.5619492,
              45.4999334
            ],
            [
              -73.5626261,
              45.5002327
            ],
            [
              -73.5623008,
              45.5005942
            ],
            [
              -73.5621932,
              45.5005466
            ],
            [
              -73.5621738,
              45.5005681
            ],
            [
              -73.5621608,
              45.5005826
            ],
            [
              -73.5622123,
              45.5006054
            ],
            [
              -73.5618846,
              45.5009693
            ],
            [
              -73.5616257,
              45.5008547
            ],
            [
              -73.5613699,
              45.5007416
            ],
            [
              -73.5616976,
              45.5003776
            ]
          ]
        ]
      },
      "properties": {
        "id": "building_4",
        "osm_id": 19896201,
        "area": 5434.53,
        "height": 168.0,
        "solar_score": 87.0,
        "azimuth": 75.23089398504115,
        "shading": 5.85110952620576,
        "roof_area": 4347.63,
        "annual_kwh": 567365.0,
        "payback_years": 26,
        "address": "7853 Rue Sherbrooke, Montreal, QC",
        "building_type": "commercial"
      }
    },
    {
      "type": "Feature",
      "geometry": {
        "type": "Polygon",
        "coordinates": [
          [
            [
              -73.570453,
              45.5027081
            ],
            [
              -73.5712109,
              45.5030853
            ],
            [
              -73.5716224,
              45.5032872
            ],
            [
              -73.5719645,
              45.5034566
            ],
            [
              -73.5715178,
              45.5039092
            ],
            [
              -73.5708173,
              45.5035487
            ],
            [
              -73.5699764,
              45.5031662
            ],
            [
              -73.570231,
              45.5029283
            ],
            [
              -73.570453,
              45.5027081
            ]
          ]
        ]
      },
      "properties": {
        "id": "building_5",
        "osm_id": 19897702,
        "area": 8822.61,
        "height": 38.5,
        "solar_score": 67.0,
        "azimuth": 22.970620652636647,
        "shading": 21.49862412548427,
        "roof_area": 7058.09,
        "annual_kwh": 709338.0,
        "payback_years": 27,
        "address": "8127 Avenue McGill College, Montreal, QC",
        "building_type": "commercial"
      }
    },
    {
      "type": "Feature",
      "geometry": {
        "type": "Polygon",
        "coordinates": [
          [
            [
              -73.5704536,
              45.5027066
            ],
            [
              -73.5706944,
              45.5024511
            ],
            [
              -73.5708432,
              45.5022932
            ],
            [
              -73.5708578,
              45.5022999
            ],
            [
              -73.5710408,
              45.5023792
            ],
            [
              -73.5710606,
              45.5023586
            ],
            [
              -73.5711283,
              45.5023905
            ],
            [
              -73.571126,
              45.5023928
            ],
            [
              -73.5710758,
              45.5023988
            ],
            [
              -73.5710819,
              45.5024404
            ],
            [
              -73.5710326,
              45.5024448
            ],
            [
              -73.5710383,
              45.5024836
            ],
            [
              -73.5709454,
              45.5025777
            ],
            [
              -73.5713566,
              45.502768
            ],
            [
              -73.5713836,
              45.5027404
            ],
            [
              -73.5714732,
              45.5027834
            ],
            [
              -73.5712109,
              45.5030853
            ],
            [
              -73.5704536,
              45.5027066
            ]
          ]
        ]
      },
      "properties": {
        "id": "building_6",
        "osm_id": 19898072,
        "area": 3039.55,
        "height": 24.5,
        "solar_score": 90.0,
        "azimuth": 251.34560057006226,
        "shading": 17.606240312206367,
        "roof_area": 2431.64,
        "annual_kwh": 328271.0,
        "payback_years": 18,
        "address": "705 rue Sainte-Catherine Ouest, Montreal, QC",
        "building_type": "commercial"
      }
    },
    {
      "type": "Feature",
      "geometry": {
        "type": "Polygon",
        "coordinates": [
          [
            [
              -73.5724761,
              45.5018722
            ],
            [
              -73.5721209,
              45.5022393
            ],
            [
              -73.571868,
              45.5021166
            ],
            [
              -73.5713306,
              45.5018518
            ],
            [
              -73.5715059,
              45.5016714
            ],
            [
              -73.5716774,
              45.5014961
            ],
            [
              -73.5722655,
              45.5017674
            ],
            [
              -73.5724761,
              45.5018722
            ]
          ]
        ]
      },
      "properties": {
        "id": "building_7",
        "osm_id": 19898073,
        "area": 3671.09,
        "height": 7.0,
        "solar_score": 93.0,
        "azimuth": 263.92734727528233,
        "shading": 10.644156394471596,
        "roof_area": 2936.87,
        "annual_kwh": 409694.0,
        "payback_years": 26,
        "address": "2794 Avenue du Mont-Royal, Montreal, QC",
        "building_type": "commercial"
      }
    },
    {
      "type": "Feature",
      "geometry": {
        "type": "Polygon",
        "coordinates": [
          [
            [
              -73.5734495,
              45.5004129
            ],
            [
              -73.5736464,
              45.500505
            ],
            [
              -73.5737259,
              45.5005421
            ],
            [
              -73.5740068,
              45.5006788
            ],
            [
              -73.5742168,
              45.5007804
            ],
            [
              -73.5742929,
              45.5008192
            ],
            [
              -73.5744674,
              45.5009083
            ],
            [
              -73.5739494,
              45.5014331
            ],
            [
              -73.5737753,
              45.5013496
            ],
            [
              -73.5737431,
              45.5013341
            ],
            [
              -73.5736947,
              45.5013109
            ],
            [
              -73.5732582,
              45.5011015
            ],
            [
              -73.5732096,
              45.5010782
            ],
            [
              -73.5731229,
              45.5010366
            ],
            [
              -73.5729331,
              45.5009455
            ],
            [
              -73.5731913,
              45.5006792
            ],
            [
              -73.5734495,
              45.5004129
            ]
          ]
        ]
      },
      "properties": {
        "id": "building_8",
        "osm_id": 19898459,
        "area": 6892.77,
        "height": 7.0,
        "solar_score": 99.0,
        "azimuth": 144.61330951013144,
        "shading": 13.989449803817793,
        "roof_area": 5514.21,
        "annual_kwh": 818861.0,
        "payback_years": 15,
        "address": "9308 Avenue McGill College, Montreal, QC",
        "building_type": "commercial"
      }
    },
    {
      "type": "Feature",
      "geometry": {
        "type": "Polygon",
        "coordinates": [
          [
            [
              -73.5711005,
              45.5002892
            ],
            [
              -73.5708364,
              45.5005385
            ],
            [
              -73.5706294,
              45.500756
            ],
            [
              -73.5705713,
              45.5007283
            ],
            [
              -73.570178,
              45.5005406
            ],
            [
              -73.5701179,
              45.5005116
            ],
            [
              -73.569297,
              45.5001153
            ],
            [
              -73.5697401,
              45.4996362
            ],
            [
              -73.5697709,
              45.4996512
            ],
            [
              -73.5701877,
              45.4998538
            ],
            [
              -73.5701776,
              45.4998637
            ],
            [
              -73.5704125,
              45.4999772
            ],
            [
              -73.5706443,
              45.5000893
            ],
            [
              -73.5706557,
              45.5000799
            ],
            [
              -73.5711005,
              45.5002892
            ]
          ]
        ]
      },
      "properties": {
        "id": "building_9",
        "osm_id": 19898460,
        "area": 7970.07,
        "height": 7.0,
        "solar_score": 96.0,
        "azimuth": 274.8497560702582,
        "shading": 15.257069350131305,
        "roof_area": 6376.05,
        "annual_kwh": 918152.0,
        "payback_years": 16,
        "address": "5388 Rue Crescent, Montreal, QC",
        "building_type": "commercial"
      }
    },
    {
      "type": "Feature",
      "geometry": {
        "type": "Polygon",
        "coordinates": [
          [
            [
              -73.5690476,
              45.501313
            ],
            [
              -73.569073,
              45.5013254
            ],
            [
              -73.5688488,
              45.5015557
            ],
            [
              -73.569171,
              45.5017112
            ],
            [
              -73.5691508,
              45.5017324
            ],
            [
              -73.5690754,
              45.5018099
            ],
            [
              -73.5690058,
              45.5018814
            ],
            [
              -73.5689898,
              45.5018967
            ],
            [
              -73.5686681,
              45.5017423
            ],
            [
              -73.5684476,
              45.501967
            ],
            [
              -73.5684212,
              45.5019566
            ],
            [
              -73.5683004,
              45.5018997
            ],
            [
              -73.5682061,
              45.5018526
            ],
            [
              -73.5681787,
              45.5018391
            ],
            [
              -73.568405,
              45.5016115
            ],
            [
              -73.5680775,
              45.5014557
            ],
            [
              -73.5680908,
              45.5014386
            ],
            [
              -73.5681617,
              45.5013671
            ],
            [
              -73.5682436,
              45.5012844
            ],
            [
              -73.5682603,
              45.5012702
            ],
            [
              -73.5685859,
              45.5014295
            ],
            [
              -73.5688053,
              45.501199
            ],
            [
              -73.568831,
              45.5012112
            ],
            [
              -73.5689453,
              45.5012649
            ],
            [
              -73.5690476,
              45.501313
            ]
          ]
        ]
      },
      "properties": {
        "id": "building_10",
        "osm_id": 19898461,
        "area": 3702.75,
        "height": 161.0,
        "solar_score": 72.0,
        "azimuth": 255.84452719101938,
        "shading": 19.948141201069312,
        "roof_area": 2962.2,
        "annual_kwh": 319917.0,
        "payback_years": 29,
        "address": "1 Place Ville-Marie, Montreal, QC",
        "building_type": "commercial"
      }
    },
    {
      "type": "Feature",
      "geometry": {
        "type": "Polygon",
        "coordinates": [
          [
            [
              -73.5721447,
              45.4997892
            ],
            [
              -73.5721946,
              45.4998135
            ],
            [
              -73.57265,
              45.500035
            ],
            [
              -73.5726939,
              45.5000563
            ],
            [
              -73.572697,
              45.5000578
            ],
            [
              -73.5726708,
              45.5000845
            ],
            [
              -73.5725808,
              45.5001758
            ],
            [
              -73.5725569,
              45.5002001
            ],
            [
              -73.5724977,
              45.5002602
            ],
            [
              -73.5724735,
              45.5002847
            ],
            [
              -73.5723832,
              45.5003764
            ],
            [
              -73.572359,
              45.5004011
            ],
            [
              -73.5723039,
              45.500457
            ],
            [
              -73.5722772,
              45.5004841
            ],
            [
              -73.5721875,
              45.5005752
            ],
            [
              -73.5721637,
              45.5005993
            ],
            [
              -73.5721177,
              45.500577
            ],
            [
              -73.5716553,
              45.5003522
            ],
            [
              -73.5716108,
              45.5003306
            ],
            [
              -73.5716365,
              45.5003054
            ],
            [
              -73.5715776,
              45.5002766
            ],
            [
              -73.572056,
              45.4997873
            ],
            [
              -73.5721157,
              45.4998189
            ],
            [
              -73.5721447,
              45.4997892
            ]
          ]
        ]
      },
      "properties": {
        "id": "building_11",
        "osm_id": 19906642,
        "area": 4204.85,
        "height": 45.5,
        "solar_score": 79.0,
        "azimuth": 47.63569613338681,
        "shading": 19.27260936233921,
        "roof_area": 3363.88,
        "annual_kwh": 398620.0,
        "payback_years": 19,
        "address": "5271 Avenue McGill College, Montreal, QC",
        "building_type": "commercial"
      }
    },
    {
      "type": "Feature",
      "geometry": {
        "type": "Polygon",
        "coordinates": [
          [
            [
              -73.5722562,
              45.5008242
            ],
            [
              -73.5727199,
              45.5010495
            ],
            [
              -73.5727133,
              45.5010568
            ],
            [
              -73.5729307,
              45.5011636
            ],
            [
              -73.5729383,
              45.5011561
            ],
            [
              -73.5730382,
              45.5012049
            ],
            [
              -73.5729633,
              45.5012803
            ],
            [
              -73.5729509,
              45.5012757
            ],
            [
              -73.5725989,
              45.5016315
            ],
            [
              -73.5726088,
              45.5016375
            ],
            [
              -73.5725337,
              45.5017122
            ],
            [
              -73.5723975,
              45.5016455
            ],
            [
              -73.5717559,
              45.5013335
            ],
            [
              -73.5721158,
              45.5009719
            ],
            [
              -73.5722562,
              45.5008242
            ]
          ]
        ]
      },
      "properties": {
        "id": "building_12",
        "osm_id": 19906643,
        "area": 5004.27,
        "height": 28.0,
        "solar_score": 87.0,
        "azimuth": 261.7120077907607,
        "shading": 23.489808441682214,
        "roof_area": 4003.41,
        "annual_kwh": 522445.0,
        "payback_years": 21,
        "address": "1971 Rue Crescent, Montreal, QC",
        "building_type": "commercial"
      }
    },
    {
      "type": "Feature",
      "geometry": {
        "type": "Polygon",
        "coordinates": [
          [
            [
              -73.5709929,
              45.5038637
            ],
            [
              -73.5710612,
              45.5038999
            ],
            [
              -73.571108,
              45.5039246
            ],
            [
              -73.5711309,
              45.5039367
            ],
            [
              -73.5712445,
              45.5039873
            ],
            [
              -73.5712712,
              45.5040003
            ],
            [
              -73.5713161,
              45.5040223
            ],
            [
              -73.5713826,
              45.5040548
            ],
            [
              -73.5713357,
              45.5041002
            ],
            [
              -73.5713009,
              45.504133
            ],
            [
              -73.5712644,
              45.5041727
            ],
            [
              -73.5712124,
              45.5042287
            ],
            [
              -73.5711368,
              45.504306
            ],
            [
              -73.571099,
              45.5043448
            ],
            [
              -73.5710663,
              45.5043782
            ],
            [
              -73.5710212,
              45.5044244
            ],
            [
              -73.5709601,
              45.5044868
            ],
            [
              -73.5707584,
              45.5043883
            ],
            [
              -73.5706558,
              45.5043382
            ],
            [
              -73.5705732,
              45.5042979
            ],
            [
              -73.5705937,
              45.5042773
            ],
            [
              -73.5706251,
              45.5042471
            ],
            [
              -73.5706352,
              45.5042365
            ],
            [
              -73.5706668,
              45.5042036
            ],
            [
              -73.5706791,
              45.5041908
            ],
            [
              -73.5707107,
              45.5041579
            ],
            [
              -73.5707495,
              45.5041174
            ],
            [
              -73.5708175,
              45.5040465
            ],
            [
              -73.5708725,
              45.5039891
            ],
            [
              -73.5709118,
              45.5039482
            ],
            [
              -73.5709369,
              45.503922
            ],
            [
              -73.5709442,
              45.5039144
            ],
            [
              -73.5709716,
              45.5038859
            ],
            [
              -73.5709929,
              45.5038637
            ]
          ]
        ]
      },
      "properties": {
        "id": "building_13",
        "osm_id": 19906743,
        "area": 2133.84,
        "height": 122.5,
        "solar_score": 83.0,
        "azimuth": 96.76510052157977,
        "shading": 22.702700925867745,
        "roof_area": 1707.07,
        "annual_kwh": 212530.0,
        "payback_years": 30,
        "address": "9657 Avenue du Parc, Montreal, QC",
        "building_type": "commercial"
      }
    },
    {
      "type": "Feature",
      "geometry": {
        "type": "Polygon",
        "coordinates": [
          [
            [
              -73.5663553,
              45.5073842
            ],
            [
              -73.5678158,
              45.5080704
            ],
            [
              -73.5677895,
              45.5080955
            ],
            [
              -73.5676719,
              45.5082075
            ],
            [
              -73.5674124,
              45.5080851
            ],
            [
              -73.5673656,
              45.5081361
            ],
            [
              -73.5673302,
              45.5081205
            ],
            [
              -73.5672894,
              45.5081614
            ],
            [
              -73.5671403,
              45.5080918
            ],
            [
              -73.5671023,
              45.508131
            ],
            [
              -73.5670501,
              45.5081035
            ],
            [
              -73.5669639,
              45.508093
            ],
            [
              -73.5669578,
              45.5080923
            ],
            [
              -73.5668285,
              45.508065
            ],
            [
              -73.566674,
              45.5080193
            ],
            [
              -73.5666254,
              45.5080006
            ],
            [
              -73.5665596,
              45.5079676
            ],
            [
              -73.5665184,
              45.5079442
            ],
            [
              -73.5664822,
              45.5079201
            ],
            [
              -73.5663353,
              45.5078086
            ],
            [
              -73.5664023,
              45.5077391
            ],
            [
              -73.5663295,
              45.5077072
            ],
            [
              -73.5663516,
              45.5076853
            ],
            [
              -73.566313,
              45.5076631
            ],
            [
              -73.5663753,
              45.5076019
            ],
            [
              -73.5662811,
              45.5075593
            ],
            [
              -73.5663337,
              45.5074948
            ],
            [
              -73.5662811,
              45.5074702
            ],
            [
              -73.5663553,
              45.5073842
            ]
          ]
        ]
      },
      "properties": {
        "id": "building_14",
        "osm_id": 19910836,
        "area": 4455.18,
        "height": 7.0,
        "solar_score": 81.0,
        "azimuth": 40.232187522598146,
        "shading": 23.41514571933835,
        "roof_area": 3564.14,
        "annual_kwh": 433044.0,
        "payback_years": 19,
        "address": "1224 Avenue McGill College, Montreal, QC",
        "building_type": "residential"
      }
    },
    {
      "type": "Feature",
      "geometry": {
        "type": "Polygon",
        "coordinates": [
          [
            [
              -73.5654953,
              45.5081506
            ],
            [
              -73.5655621,
              45.5081771
            ],
            [
              -73.5655345,
              45.5082061
            ],
            [
              -73.5661135,
              45.5084786
            ],
            [
              -73.5661668,
              45.5085031
            ],
            [
              -73.5661326,
              45.5085446
            ],
            [
              -73.5660567,
              45.5086254
            ],
            [
              -73.5660332,
              45.5086505
            ],
            [
              -73.5660041,
              45.5086384
            ],
            [
              -73.5656815,
              45.5089959
            ],
            [
              -73.5650522,
              45.5087082
            ],
            [
              -73.5651308,
              45.5086235
            ],
            [
              -73.5650942,
              45.5086055
            ],
            [
              -73.565114,
              45.5085838
            ],
            [
              -73.5650991,
              45.5085752
            ],
            [
              -73.5651646,
              45.508505
            ],
            [
              -73.5654953,
              45.5081506
            ]
          ]
        ]
      },
      "properties": {
        "id": "building_15",
        "osm_id": 19910837,
        "area": 4234.33,
        "height": 7.0,
        "solar_score": 85.0,
        "azimuth": 57.28400111764907,
        "shading": 22.779877518608934,
        "roof_area": 3387.46,
        "annual_kwh": 431902.0,
        "payback_years": 22,
        "address": "3430 Rue Peel, Montreal, QC",
        "building_type": "commercial"
      }
    },
    {
      "type": "Feature",
      "geometry": {
        "type": "Polygon",
        "coordinates": [
          [
            [
              -73.5715919,
              45.4984541
            ],
            [
              -73.571484,
              45.4985628
            ],
            [
              -73.571427,
              45.4986206
            ],
            [
              -73.5711884,
              45.4988622
            ],
            [
              -73.5710554,
              45.4989919
            ],
            [
              -73.5705487,
              45.4987495
            ],
            [
              -73.5706406,
              45.4986449
            ],
            [
              -73.5706792,
              45.4985979
            ],
            [
              -73.5709708,
              45.4982943
            ],
            [
              -73.5710195,
              45.4982433
            ],
            [
              -73.571065,
              45.4981984
            ],
            [
              -73.5715919,
              45.4984541
            ]
          ]
        ]
      },
      "properties": {
        "id": "building_16",
        "osm_id": 19910886,
        "area": 3608.53,
        "height": 157.5,
        "solar_score": 90.0,
        "azimuth": 17.146793726745425,
        "shading": 12.018445164154862,
        "roof_area": 2886.83,
        "annual_kwh": 389722.0,
        "payback_years": 20,
        "address": "1155 Boulevard Ren\u00e9-L\u00e9vesque Ouest, Montreal, QC",
        "building_type": "commercial"
      }
    },
    {
      "type": "Feature",
      "geometry": {
        "type": "Polygon",
        "coordinates": [
          [
            [
              -73.5700736,
              45.4967866
            ],
            [
              -73.5702658,
              45.496877
            ],
            [
              -73.5702876,
              45.4968547
            ],
            [
              -73.5713586,
              45.4973434
            ],
            [
              -73.5712205,
              45.497495
            ],
            [
              -73.5711627,
              45.4974734
            ],
            [
              -73.5711544,
              45.497481
            ],
            [
              -73.5712263,
              45.497513
            ],
            [
              -73.5711652,
              45.4975819
            ],
            [
              -73.5711583,
              45.4975791
            ],
            [
              -73.5710862,
              45.4975497
            ],
            [
              -73.571044,
              45.4975928
            ],
            [
              -73.5708199,
              45.4974906
            ],
            [
              -73.5708581,
              45.4974475
            ],
            [
              -73.5707769,
              45.4973929
            ],
            [
              -73.5707657,
              45.4974055
            ],
            [
              -73.5706605,
              45.4973558
            ],
            [
              -73.5706247,
              45.4973961
            ],
            [
              -73.570685,
              45.4974259
            ],
            [
              -73.5706516,
              45.4974251
            ],
            [
              -73.5705942,
              45.4974199
            ],
            [
              -73.5705329,
              45.4974135
            ],
            [
              -73.5704709,
              45.4974046
            ],
            [
              -73.5703649,
              45.4973825
            ],
            [
              -73.5702705,
              45.4973532
            ],
            [
              -73.5701695,
              45.497319
            ],
            [
              -73.5700882,
              45.4972819
            ],
            [
              -73.5700345,
              45.4972499
            ],
            [
              -73.5699967,
              45.4972908
            ],
            [
              -73.5699725,
              45.4973168
            ],
            [
              -73.5699258,
              45.497368
            ],
            [
              -73.5698601,
              45.4973388
            ],
            [
              -73.5698303,
              45.4973712
            ],
            [
              -73.5697604,
              45.4973389
            ],
            [
              -73.5696995,
              45.4973108
            ],
            [
              -73.5697294,
              45.4972786
            ],
            [
              -73.5696655,
              45.4972475
            ],
            [
              -73.5698179,
              45.4970851
            ],
            [
              -73.5697756,
              45.4970396
            ],
            [
              -73.5697371,
              45.4969891
            ],
            [
              -73.5697388,
              45.4969865
            ],
            [
              -73.5697803,
              45.4970039
            ],
            [
              -73.5697887,
              45.4969957
            ],
            [
              -73.5697736,
              45.4969729
            ],
            [
              -73.5697819,
              45.4969634
            ],
            [
              -73.5698305,
              45.4969852
            ],
            [
              -73.569842,
              45.4969738
            ],
            [
              -73.5698295,
              45.4969672
            ],
            [
              -73.5699346,
              45.4968794
            ],
            [
              -73.56997,
              45.4968955
            ],
            [
              -73.5700197,
              45.4968445
            ],
            [
              -73.5700489,
              45.4968134
            ],
            [
              -73.5700736,
              45.4967866
            ]
          ]
        ]
      },
      "properties": {
        "id": "building_17",
        "osm_id": 19911116,
        "area": 5388.64,
        "height": 164.5,
        "solar_score": 94.0,
        "azimuth": 122.28733634512976,
        "shading": 24.500058457135914,
        "roof_area": 4310.91,
        "annual_kwh": 607839.0,
        "payback_years": 23,
        "address": "1177 Rue Sainte-Catherine, Montreal, QC",
        "building_type": "commercial"
      }
    },
    {
      "type": "Feature",
      "geometry": {
        "type": "Polygon",
        "coordinates": [
          [
            [
              -73.5702444,
              45.4961044
            ],
            [
              -73.5703634,
              45.4961816
            ],
            [
              -73.5696798,
              45.4967517
            ],
            [
              -73.5695759,
              45.496827
            ],
            [
              -73.5692938,
              45.4966532
            ],
            [
              -73.5692589,
              45.496681
            ],
            [
              -73.568837,
              45.4964224
            ],
            [
              -73.5685718,
              45.4962545
            ],
            [
              -73.5685016,
              45.496211
            ],
            [
              -73.5684249,
              45.4961663
            ],
            [
              -73.5684486,
              45.4961437
            ],
            [
              -73.5684182,
              45.4961236
            ],
            [
              -73.5684075,
              45.4961244
            ],
            [
              -73.568398,
              45.4961244
            ],
            [
              -73.5683893,
              45.4961239
            ],
            [
              -73.5683814,
              45.4961232
            ],
            [
              -73.5683744,
              45.4961223
            ],
            [
              -73.5683662,
              45.496121
            ],
            [
              -73.5683558,
              45.4961189
            ],
            [
              -73.5683454,
              45.4961158
            ],
            [
              -73.5683369,
              45.4961121
            ],
            [
              -73.568329,
              45.4961075
            ],
            [
              -73.5683209,
              45.4961013
            ],
            [
              -73.568315,
              45.4960953
            ],
            [
              -73.5683093,
              45.4960885
            ],
            [
              -73.5683052,
              45.4960809
            ],
            [
              -73.5683026,
              45.4960729
            ],
            [
              -73.5683007,
              45.4960636
            ],
            [
              -73.5683005,
              45.4960563
            ],
            [
              -73.568168,
              45.4959748
            ],
            [
              -73.568486,
              45.495714
            ],
            [
              -73.5685623,
              45.4956514
            ],
            [
              -73.5690504,
              45.4952788
            ],
            [
              -73.5697306,
              45.4956904
            ],
            [
              -73.5699094,
              45.4958112
            ],
            [
              -73.5701543,
              45.4959767
            ],
            [
              -73.5701071,
              45.4960153
            ],
            [
              -73.5702444,
              45.4961044
            ]
          ]
        ]
      },
      "properties": {
        "id": "building_18",
        "osm_id": 19911284,
        "area": 15001.51,
        "height": 7.0,
        "solar_score": 96.0,
        "azimuth": 200.32347094268854,
        "shading": 16.480923892531212,
        "roof_area": 12001.21,
        "annual_kwh": 1728174.0,
        "payback_years": 21,
        "address": "5707 Rue Sainte-Catherine, Montreal, QC",
        "building_type": "residential"
      }
    },
    {
      "type": "Feature",
      "geometry": {
        "type": "Polygon",
        "coordinates": [
          [
            [
              -73.5735365,
              45.5018777
            ],
            [
              -73.5733294,
              45.5020937
            ],
            [
              -73.5731495,
              45.5020059
            ],
            [
              -73.573182,
              45.5019725
            ],
            [
              -73.573176,
              45.5019698
            ],
            [
              -73.5731249,
              45.501947
            ],
            [
              -73.5730936,
              45.5019791
            ],
            [
              -73.5726922,
              45.5017783
            ],
            [
              -73.5727249,
              45.5017456
            ],
            [
              -73.5726747,
              45.5017205
            ],
            [
              -73.572867,
              45.5015294
            ],
            [
              -73.5730528,
              45.501352
            ],
            [
              -73.5731329,
              45.5012707
            ],
            [
              -73.5731691,
              45.5012883
            ],
            [
              -73.5732267,
              45.5013164
            ],
            [
              -73.5736259,
              45.5015108
            ],
            [
              -73.5735438,
              45.5015951
            ],
            [
              -73.5733525,
              45.5017915
            ],
            [
              -73.5735365,
              45.5018777
            ]
          ]
        ]
      },
      "properties": {
        "id": "building_19",
        "osm_id": 19911399,
        "area": 3594.84,
        "height": 7.0,
        "solar_score": 75.0,
        "azimuth": 26.555616922061983,
        "shading": 20.836458398370773,
        "roof_area": 2875.87,
        "annual_kwh": 323536.0,
        "payback_years": 26,
        "address": "1460 rue Mansfield, Montreal, QC",
        "building_type": "commercial"
      }
    },
    {
      "type": "Feature",
      "geometry": {
        "type": "Polygon",
        "coordinates": [
          [
            [
              -73.5682548,
              45.5068177
            ],
            [
              -73.5683901,
              45.5066669
            ],
            [
              -73.5685704,
              45.5064631
            ],
            [
              -73.5689126,
              45.5066201
            ],
            [
              -73.56893,
              45.5066012
            ],
            [
              -73.5691407,
              45.5067004
            ],
            [
              -73.5688187,
              45.5070549
            ],
            [
              -73.5688029,
              45.5070706
            ],
            [
              -73.568738,
              45.5070409
            ],
            [
              -73.5682548,
              45.5068177
            ]
          ]
        ]
      },
      "properties": {
        "id": "building_20",
        "osm_id": 20167810,
        "area": 2437.78,
        "height": 7.0,
        "solar_score": 96.0,
        "azimuth": 106.10707315516977,
        "shading": 19.274643958023386,
        "roof_area": 1950.22,
        "annual_kwh": 280832.0,
        "payback_years": 29,
        "address": "8087 Rue Peel, Montreal, QC",
        "building_type": "residential"
      }
    },
    {
      "type": "Feature",
      "geometry": {
        "type": "Polygon",
        "coordinates": [
          [
            [
              -73.5681853,
              45.5053147
            ],
            [
              -73.568386,
              45.5051081
            ],
            [
              -73.5684689,
              45.5051511
            ],
            [
              -73.5684533,
              45.5051676
            ],
            [
              -73.5685762,
              45.5052277
            ],
            [
              -73.5686167,
              45.505188
            ],
            [
              -73.5688337,
              45.5053
            ],
            [
              -73.5688121,
              45.5053193
            ],
            [
              -73.5688983,
              45.5053651
            ],
            [
              -73.5688827,
              45.505383
            ],
            [
              -73.5690674,
              45.5054852
            ],
            [
              -73.569084,
              45.5055076
            ],
            [
              -73.5690947,
              45.5055339
            ],
            [
              -73.5690906,
              45.5055585
            ],
            [
              -73.5691125,
              45.5055631
            ],
            [
              -73.5691174,
              45.505575
            ],
            [
              -73.5691014,
              45.5055877
            ],
            [
              -73.5690876,
              45.5055943
            ],
            [
              -73.569047,
              45.5056318
            ],
            [
              -73.569037,
              45.5056445
            ],
            [
              -73.5690197,
              45.5056473
            ],
            [
              -73.5690041,
              45.505642
            ],
            [
              -73.5689619,
              45.5056473
            ],
            [
              -73.5689198,
              45.5056439
            ],
            [
              -73.568887,
              45.5056383
            ],
            [
              -73.5687128,
              45.505555
            ],
            [
              -73.568693,
              45.505573
            ],
            [
              -73.5685677,
              45.5055108
            ],
            [
              -73.5685541,
              45.5055249
            ],
            [
              -73.5683684,
              45.5054291
            ],
            [
              -73.5683994,
              45.5053969
            ],
            [
              -73.5682748,
              45.505338
            ],
            [
              -73.5682601,
              45.5053534
            ],
            [
              -73.5681853,
              45.5053147
            ]
          ]
        ]
      },
      "properties": {
        "id": "building_21",
        "osm_id": 20167892,
        "area": 1964.57,
        "height": 7.0,
        "solar_score": 73.0,
        "azimuth": 118.19822091705325,
        "shading": 23.9246339832825,
        "roof_area": 1571.66,
        "annual_kwh": 172097.0,
        "payback_years": 30,
        "address": "6008 Rue Sainte-Catherine, Montreal, QC",
        "building_type": "institutional"
      }
    },
    {
      "type": "Feature",
      "geometry": {
        "type": "Polygon",
        "coordinates": [
          [
            [
              -73.5697299,
              45.5036504
            ],
            [
              -73.5697999,
              45.5035791
            ],
            [
              -73.5698615,
              45.5035163
            ],
            [
              -73.569892,
              45.5034852
            ],
            [
              -73.5702554,
              45.5036603
            ],
            [
              -73.5702946,
              45.5036203
            ],
            [
              -73.5704001,
              45.5036711
            ],
            [
              -73.5703637,
              45.5037082
            ],
            [
              -73.5704694,
              45.5037592
            ],
            [
              -73.5704305,
              45.5037988
            ],
            [
              -73.5704747,
              45.5038201
            ],
            [
              -73.5703945,
              45.5039018
            ],
            [
              -73.5703573,
              45.5038839
            ],
            [
              -73.5703206,
              45.5039212
            ],
            [
              -73.5702799,
              45.5039016
            ],
            [
              -73.5702668,
              45.503915
            ],
            [
              -73.5702315,
              45.5038979
            ],
            [
              -73.5701956,
              45.5038806
            ],
            [
              -73.5701639,
              45.5039129
            ],
            [
              -73.5700566,
              45.5038612
            ],
            [
              -73.5700928,
              45.5038243
            ],
            [
              -73.5698361,
              45.5037006
            ],
            [
              -73.5698098,
              45.5037274
            ],
            [
              -73.5697553,
              45.5037012
            ],
            [
              -73.569781,
              45.503675
            ],
            [
              -73.5697299,
              45.5036504
            ]
          ]
        ]
      },
      "properties": {
        "id": "building_22",
        "osm_id": 20167895,
        "area": 1382.53,
        "height": 7.0,
        "solar_score": 78.0,
        "azimuth": 286.56426036163856,
        "shading": 8.296771931294467,
        "roof_area": 1106.02,
        "annual_kwh": 129405.0,
        "payback_years": 30,
        "address": "5163 Avenue du Parc, Montreal, QC",
        "building_type": "institutional"
      }
    },
    {
      "type": "Feature",
      "geometry": {
        "type": "Polygon",
        "coordinates": [
          [
            [
              -73.5749266,
              45.5045141
            ],
            [
              -73.5752097,
              45.5046531
            ],
            [
              -73.5751823,
              45.5046822
            ],
            [
              -73.5752031,
              45.5046924
            ],
            [
              -73.5751432,
              45.5047522
            ],
            [
              -73.5751275,
              45.5047677
            ],
            [
              -73.5750007,
              45.5048929
            ],
            [
              -73.5749857,
              45.5048857
            ],
            [
              -73.5749542,
              45.5049171
            ],
            [
              -73.5746667,
              45.5047758
            ],
            [
              -73.5746938,
              45.5047487
            ],
            [
              -73.5746769,
              45.5047404
            ],
            [
              -73.5748049,
              45.5046125
            ],
            [
              -73.5748219,
              45.5045955
            ],
            [
              -73.5748818,
              45.5045358
            ],
            [
              -73.5748973,
              45.5045434
            ],
            [
              -73.5749266,
              45.5045141
            ]
          ]
        ]
      },
      "properties": {
        "id": "building_23",
        "osm_id": 20168777,
        "area": 1053.51,
        "height": 42.0,
        "solar_score": 72.0,
        "azimuth": 26.116589190537866,
        "shading": 13.34524611040553,
        "roof_area": 842.81,
        "annual_kwh": 91024.0,
        "payback_years": 29,
        "address": "805 rue Sherbrooke Ouest, Montr\u00e9al, QC",
        "building_type": "residential"
      }
    },
    {
      "type": "Feature",
      "geometry": {
        "type": "Polygon",
        "coordinates": [
          [
            [
              -73.5743866,
              45.504425
            ],
            [
              -73.5746103,
              45.5045315
            ],
            [
              -73.5746267,
              45.50454
            ],
            [
              -73.5745135,
              45.5046569
            ],
            [
              -73.5744953,
              45.5046756
            ],
            [
              -73.5744643,
              45.5047076
            ],
            [
              -73.5744106,
              45.504682
            ],
            [
              -73.5743832,
              45.5047102
            ],
            [
              -73.5744053,
              45.5047207
            ],
            [
              -73.5743991,
              45.5047271
            ],
            [
              -73.5743715,
              45.5047556
            ],
            [
              -73.5743519,
              45.5047759
            ],
            [
              -73.5742881,
              45.5048416
            ],
            [
              -73.5742591,
              45.5048716
            ],
            [
              -73.5742425,
              45.5048887
            ],
            [
              -73.5742173,
              45.5048767
            ],
            [
              -73.5741902,
              45.5049047
            ],
            [
              -73.574243,
              45.5049299
            ],
            [
              -73.5742048,
              45.5049693
            ],
            [
              -73.574229,
              45.5049808
            ],
            [
              -73.5742473,
              45.5049895
            ],
            [
              -73.5742627,
              45.5049736
            ],
            [
              -73.5744671,
              45.5050709
            ],
            [
              -73.5745016,
              45.5050873
            ],
            [
              -73.5743373,
              45.5052569
            ],
            [
              -73.5740965,
              45.5051422
            ],
            [
              -73.5741354,
              45.5051021
            ],
            [
              -73.5740924,
              45.5050817
            ],
            [
              -73.5740767,
              45.5050979
            ],
            [
              -73.5738392,
              45.5049848
            ],
            [
              -73.5740039,
              45.5048148
            ],
            [
              -73.5740276,
              45.5048261
            ],
            [
              -73.5740555,
              45.5047974
            ],
            [
              -73.5740019,
              45.5047719
            ],
            [
              -73.5741642,
              45.5046044
            ],
            [
              -73.5742188,
              45.5046304
            ],
            [
              -73.5742322,
              45.5046166
            ],
            [
              -73.5742456,
              45.5046027
            ],
            [
              -73.5742242,
              45.5045926
            ],
            [
              -73.5743866,
              45.504425
            ]
          ]
        ]
      },
      "properties": {
        "id": "building_24",
        "osm_id": 20168778,
        "area": 2230.23,
        "height": 7.0,
        "solar_score": 95.0,
        "azimuth": 267.60039292218,
        "shading": 21.279374206238067,
        "roof_area": 1784.18,
        "annual_kwh": 254246.0,
        "payback_years": 21,
        "address": "801 Rue Sherbrooke Ouest, Montr\u00e9al, QC",
        "building_type": "residential"
      }
    },
    {
      "type": "Feature",
      "geometry": {
        "type": "Polygon",
        "coordinates": [
          [
            [
              -73.5744188,
              45.5053004
            ],
            [
              -73.5744783,
              45.5052391
            ],
            [
              -73.5745433,
              45.5051723
            ],
            [
              -73.574584,
              45.5051304
            ],
            [
              -73.5745866,
              45.5051277
            ],
            [
              -73.5746411,
              45.5051537
            ],
            [
              -73.5747279,
              45.5050642
            ],
            [
              -73.5751503,
              45.5052659
            ],
            [
              -73.574891,
              45.5055257
            ],
            [
              -73.5744188,
              45.5053004
            ]
          ]
        ]
      },
      "properties": {
        "id": "building_25",
        "osm_id": 20168780,
        "area": 1514.42,
        "height": 7.0,
        "solar_score": 74.0,
        "azimuth": 359.006167188312,
        "shading": 19.945841339827744,
        "roof_area": 1211.53,
        "annual_kwh": 134480.0,
        "payback_years": 17,
        "address": "3420 Rue University, Montr\u00e9al, QC",
        "building_type": "residential"
      }
    },
    {
      "type": "Feature",
      "geometry": {
        "type": "Polygon",
        "coordinates": [
          [
            [
              -73.5558223,
              45.5064043
            ],
            [
              -73.5560687,
              45.5065077
            ],
            [
              -73.5560473,
              45.5065328
            ],
            [
              -73.5563816,
              45.5066732
            ],
            [
              -73.5563955,
              45.5066569
            ],
            [
              -73.5569746,
              45.5068999
            ],
            [
              -73.5563828,
              45.5075924
            ],
            [
              -73.5558208,
              45.5073565
            ],
            [
              -73.555842,
              45.5073317
            ],
            [
              -73.5558653,
              45.5073415
            ],
            [
              -73.5558758,
              45.5073292
            ],
            [
              -73.5558492,
              45.5073191
            ],
            [
              -73.5554786,
              45.5071625
            ],
            [
              -73.5554693,
              45.5071734
            ],
            [
              -73.555489,
              45.5071817
            ],
            [
              -73.5554723,
              45.5072012
            ],
            [
              -73.5552456,
              45.507106
            ],
            [
              -73.5552618,
              45.5070871
            ],
            [
              -73.5552881,
              45.5070981
            ],
            [
              -73.5552974,
              45.5070872
            ],
            [
              -73.5552542,
              45.5070691
            ],
            [
              -73.5555192,
              45.5067589
            ],
            [
              -73.5558223,
              45.5064043
            ]
          ]
        ]
      },
      "properties": {
        "id": "building_26",
        "osm_id": 20919177,
        "area": 9222.48,
        "height": 59.5,
        "solar_score": 86.0,
        "azimuth": 356.1743168802341,
        "shading": 21.609554771534526,
        "roof_area": 7377.99,
        "annual_kwh": 951760.0,
        "payback_years": 22,
        "address": "1 Rue Notre-Dame Est, Montreal, QC",
        "building_type": "residential"
      }
    },
    {
      "type": "Feature",
      "geometry": {
        "type": "Polygon",
        "coordinates": [
          [
            [
              -73.5550711,
              45.5075526
            ],
            [
              -73.5553866,
              45.5076749
            ],
            [
              -73.5554356,
              45.5076938
            ],
            [
              -73.555433,
              45.5076972
            ],
            [
              -73.5553466,
              45.5078066
            ],
            [
              -73.5552743,
              45.5077786
            ],
            [
              -73.55516,
              45.5079234
            ],
            [
              -73.5552109,
              45.5079432
            ],
            [
              -73.5552019,
              45.5079546
            ],
            [
              -73.5552538,
              45.5079747
            ],
            [
              -73.5551191,
              45.5081452
            ],
            [
              -73.5550719,
              45.5081269
            ],
            [
              -73.5550617,
              45.5081398
            ],
            [
              -73.555014,
              45.5081213
            ],
            [
              -73.5549153,
              45.508246
            ],
            [
              -73.5549897,
              45.5082749
            ],
            [
              -73.5548963,
              45.508393
            ],
            [
              -73.5548103,
              45.5083596
            ],
            [
              -73.5548035,
              45.5083682
            ],
            [
              -73.5545677,
              45.5082767
            ],
            [
              -73.5545112,
              45.5082548
            ],
            [
              -73.5546031,
              45.5081385
            ],
            [
              -73.5546563,
              45.5081591
            ],
            [
              -73.5547506,
              45.5080396
            ],
            [
              -73.5547754,
              45.5080082
            ],
            [
              -73.5547057,
              45.5079812
            ],
            [
              -73.5547728,
              45.5078961
            ],
            [
              -73.5548443,
              45.5078056
            ],
            [
              -73.5549175,
              45.5078339
            ],
            [
              -73.5549449,
              45.5077991
            ],
            [
              -73.5550347,
              45.5076854
            ],
            [
              -73.5549823,
              45.507665
            ],
            [
              -73.5550294,
              45.5076054
            ],
            [
              -73.5550711,
              45.5075526
            ]
          ]
        ]
      },
      "properties": {
        "id": "building_27",
        "osm_id": 20919178,
        "area": 2625.98,
        "height": 7.0,
        "solar_score": 81.0,
        "azimuth": 317.5149787866122,
        "shading": 20.476423069721438,
        "roof_area": 2100.79,
        "annual_kwh": 255245.0,
        "payback_years": 25,
        "address": "155 Rue Notre-Dame Est, Montr\u00e9al, QC",
        "building_type": "residential"
      }
    },
    {
      "type": "Feature",
      "geometry": {
        "type": "Polygon",
        "coordinates": [
          [
            [
              -73.5556345,
              45.5073648
            ],
            [
              -73.5558541,
              45.507451
            ],
            [
              -73.5557642,
              45.5075634
            ],
            [
              -73.5557802,
              45.5075697
            ],
            [
              -73.5557105,
              45.5076568
            ],
            [
              -73.5556952,
              45.5076508
            ],
            [
              -73.5556042,
              45.5077645
            ],
            [
              -73.555433,
              45.5076972
            ],
            [
              -73.5554356,
              45.5076938
            ],
            [
              -73.5553866,
              45.5076749
            ],
            [
              -73.5554969,
              45.507537
            ],
            [
              -73.5556345,
              45.5073648
            ]
          ]
        ]
      },
      "properties": {
        "id": "building_28",
        "osm_id": 20919179,
        "area": 797.11,
        "height": 7.0,
        "solar_score": 96.0,
        "azimuth": 27.39733598890944,
        "shading": 19.745816072820894,
        "roof_area": 637.69,
        "annual_kwh": 91827.0,
        "payback_years": 27,
        "address": "85 Rue Notre-Dame Est, Montreal, QC",
        "building_type": "residential"
      }
    },
    {
      "type": "Feature",
      "geometry": {
        "type": "Polygon",
        "coordinates": [
          [
            [
              -73.5717127,
              45.5086826
            ],
            [
              -73.5723429,
              45.5089756
            ],
            [
              -73.5723378,
              45.5089795
            ],
            [
              -73.5720376,
              45.5092942
            ],
            [
              -73.5716152,
              45.5090922
            ],
            [
              -73.57137,
              45.509351
            ],
            [
              -73.571166,
              45.5092559
            ],
            [
              -73.5713612,
              45.5090463
            ],
            [
              -73.5713674,
              45.5090492
            ],
            [
              -73.5717101,
              45.5086856
            ],
            [
              -73.5717127,
              45.5086826
            ]
          ]
        ]
      },
      "properties": {
        "id": "building_29",
        "osm_id": 21256496,
        "area": 3142.76,
        "height": 7.0,
        "solar_score": 88.0,
        "azimuth": 260.85089012726365,
        "shading": 23.439813764177607,
        "roof_area": 2514.21,
        "annual_kwh": 331876.0,
        "payback_years": 27,
        "address": "7214 Boulevard Saint-Joseph, Montreal, QC",
        "building_type": "residential"
      }
    },
    {
      "type": "Feature",
      "geometry": {
        "type": "Polygon",
        "coordinates": [
          [
            [
              -73.5691092,
              45.5087051
            ],
            [
              -73.5689111,
              45.5089524
            ],
            [
              -73.5688313,
              45.5090407
            ],
            [
              -73.5687091,
              45.5091565
            ],
            [
              -73.5686232,
              45.5092289
            ],
            [
              -73.5684901,
              45.5093152
            ],
            [
              -73.5683816,
              45.5093707
            ],
            [
              -73.5683215,
              45.5093901
            ],
            [
              -73.5682905,
              45.509398
            ],
            [
              -73.5682384,
              45.5093981
            ],
            [
              -73.5682161,
              45.5093911
            ],
            [
              -73.5681974,
              45.5093807
            ],
            [
              -73.5681804,
              45.5093481
            ],
            [
              -73.5681731,
              45.5092705
            ],
            [
              -73.5681817,
              45.5092434
            ],
            [
              -73.5682135,
              45.509173
            ],
            [
              -73.5682327,
              45.5091306
            ],
            [
              -73.5682962,
              45.509031
            ],
            [
              -73.5683448,
              45.5089652
            ],
            [
              -73.5684357,
              45.5088576
            ],
            [
              -73.5684656,
              45.5088237
            ],
            [
              -73.5687711,
              45.508545
            ],
            [
              -73.5688022,
              45.5085585
            ],
            [
              -73.5691092,
              45.5087051
            ]
          ]
        ]
      },
      "properties": {
        "id": "building_30",
        "osm_id": 21257434,
        "area": 3182.25,
        "height": 7.0,
        "solar_score": 93.0,
        "azimuth": 251.82103178963672,
        "shading": 10.965365915784922,
        "roof_area": 2545.8,
        "annual_kwh": 355139.0,
        "payback_years": 18,
        "address": "201 Avenue du Pr\u00e9sident-Kennedy, Montr\u00e9al, QC",
        "building_type": "residential"
      }
    },
    {
      "type": "Feature",
      "geometry": {
        "type": "Polygon",
        "coordinates": [
          [
            [
              -73.5603871,
              45.5034121
            ],
            [
              -73.5608909,
              45.5036299
            ],
            [
              -73.5612276,
              45.5037752
            ],
            [
              -73.561574,
              45.5039281
            ],
            [
              -73.5613314,
              45.5042494
            ],
            [
              -73.5612585,
              45.5043608
            ],
            [
              -73.5611595,
              45.5045395
            ],
            [
              -73.5609612,
              45.5047709
            ],
            [
              -73.5610573,
              45.5048154
            ],
            [
              -73.5607828,
              45.5051318
            ],
            [
              -73.5605973,
              45.5053441
            ],
            [
              -73.5606146,
              45.5053515
            ],
            [
              -73.5607002,
              45.5053879
            ],
            [
              -73.5607625,
              45.5054156
            ],
            [
              -73.5608166,
              45.5054397
            ],
            [
              -73.5608513,
              45.5054546
            ],
            [
              -73.5609601,
              45.5053271
            ],
            [
              -73.5609802,
              45.5053086
            ],
            [
              -73.5610066,
              45.5052949
            ],
            [
              -73.5610313,
              45.5052927
            ],
            [
              -73.5610559,
              45.5052929
            ],
            [
              -73.5610804,
              45.5052984
            ],
            [
              -73.5611001,
              45.5053108
            ],
            [
              -73.5611149,
              45.5053277
            ],
            [
              -73.5611209,
              45.5053421
            ],
            [
              -73.5611217,
              45.505356
            ],
            [
              -73.5611129,
              45.5053745
            ],
            [
              -73.5611296,
              45.5053824
            ],
            [
              -73.5611826,
              45.5054059
            ],
            [
              -73.5612014,
              45.505385
            ],
            [
              -73.5614088,
              45.5054759
            ],
            [
              -73.5610718,
              45.505863
            ],
            [
              -73.5607442,
              45.5057969
            ],
            [
              -73.5605143,
              45.5056974
            ],
            [
              -73.5604551,
              45.5057661
            ],
            [
              -73.5603963,
              45.5057424
            ],
            [
              -73.5603067,
              45.5057049
            ],
            [
              -73.5602865,
              45.5056963
            ],
            [
              -73.5598862,
              45.5061559
            ],
            [
              -73.5596765,
              45.5060669
            ],
            [
              -73.5596353,
              45.5061131
            ],
            [
              -73.5596475,
              45.5061109
            ],
            [
              -73.5596612,
              45.5061123
            ],
            [
              -73.5596856,
              45.5061223
            ],
            [
              -73.5596942,
              45.5061349
            ],
            [
              -73.5596868,
              45.5061479
            ],
            [
              -73.5596456,
              45.5061944
            ],
            [
              -73.5596374,
              45.5061973
            ],
            [
              -73.5596199,
              45.5061973
            ],
            [
              -73.559594,
              45.5061863
            ],
            [
              -73.5595891,
              45.506181
            ],
            [
              -73.559587,
              45.506175
            ],
            [
              -73.5595888,
              45.5061692
            ],
            [
              -73.5595838,
              45.5061667
            ],
            [
              -73.5595612,
              45.5061923
            ],
            [
              -73.5594766,
              45.5061559
            ],
            [
              -73.558964,
              45.5059351
            ],
            [
              -73.5589841,
              45.5059095
            ],
            [
              -73.5589741,
              45.5059116
            ],
            [
              -73.5589616,
              45.5059102
            ],
            [
              -73.5589323,
              45.5058985
            ],
            [
              -73.5587222,
              45.5056657
            ],
            [
              -73.5586982,
              45.5056535
            ],
            [
              -73.5585471,
              45.5055897
            ],
            [
              -73.5586005,
              45.5055278
            ],
            [
              -73.5589556,
              45.5051127
            ],
            [
              -73.5591499,
              45.5048842
            ],
            [
              -73.5593066,
              45.5046999
            ],
            [
              -73.5593865,
              45.504606
            ],
            [
              -73.559438,
              45.5045442
            ],
            [
              -73.5598004,
              45.5041093
            ],
            [
              -73.5598484,
              45.5040516
            ],
            [
              -73.5598942,
              45.5039967
            ],
            [
              -73.5603267,
              45.5034837
            ],
            [
              -73.5603871,
              45.5034121
            ]
          ]
        ]
      },
      "properties": {
        "id": "building_31",
        "osm_id": 21258128,
        "area": 37682.45,
        "height": 7.0,
        "solar_score": 77.0,
        "azimuth": 162.67575707688408,
        "shading": 10.775630147277806,
        "roof_area": 30145.96,
        "annual_kwh": 3481859.0,
        "payback_years": 30,
        "address": "2499 Avenue du Mont-Royal, Montreal, QC",
        "building_type": "commercial"
      }
    },
    {
      "type": "Feature",
      "geometry": {
        "type": "Polygon",
        "coordinates": [
          [
            [
              -73.5648209,
              45.4986615
            ],
            [
              -73.5649479,
              45.498721
            ],
            [
              -73.5649728,
              45.4986975
            ],
            [
              -73.5649895,
              45.4986815
            ],
            [
              -73.5650632,
              45.4987168
            ],
            [
              -73.5650391,
              45.4987415
            ],
            [
              -73.5652528,
              45.4988438
            ],
            [
              -73.5653583,
              45.4988923
            ],
            [
              -73.5654453,
              45.4988004
            ],
            [
              -73.5656272,
              45.4988892
            ],
            [
              -73.5657981,
              45.498968
            ],
            [
              -73.5657863,
              45.4989791
            ],
            [
              -73.565719,
              45.4990427
            ],
            [
              -73.5662311,
              45.4992985
            ],
            [
              -73.5660505,
              45.499487
            ],
            [
              -73.5659966,
              45.4994615
            ],
            [
              -73.5659436,
              45.4995148
            ],
            [
              -73.5658905,
              45.4995681
            ],
            [
              -73.5659126,
              45.4995781
            ],
            [
              -73.5658874,
              45.4996018
            ],
            [
              -73.565732,
              45.499748
            ],
            [
              -73.5657621,
              45.4997624
            ],
            [
              -73.5657491,
              45.4997754
            ],
            [
              -73.5656465,
              45.4998775
            ],
            [
              -73.5655815,
              45.4999423
            ],
            [
              -73.5656085,
              45.4999589
            ],
            [
              -73.5654437,
              45.5001222
            ],
            [
              -73.5654672,
              45.5001326
            ],
            [
              -73.5653521,
              45.5002424
            ],
            [
              -73.5654383,
              45.5002796
            ],
            [
              -73.5653293,
              45.5004031
            ],
            [
              -73.5653147,
              45.5004197
            ],
            [
              -73.5652695,
              45.5004708
            ],
            [
              -73.5652124,
              45.5004453
            ],
            [
              -73.565141,
              45.5005097
            ],
            [
              -73.5650484,
              45.5004614
            ],
            [
              -73.5649558,
              45.5004131
            ],
            [
              -73.5649732,
              45.5003898
            ],
            [
              -73.564715,
              45.5002665
            ],
            [
              -73.5647641,
              45.5002121
            ],
            [
              -73.5646833,
              45.5001737
            ],
            [
              -73.5647071,
              45.5001422
            ],
            [
              -73.5644528,
              45.5000231
            ],
            [
              -73.5644868,
              45.4999845
            ],
            [
              -73.5643239,
              45.4999089
            ],
            [
              -73.564161,
              45.4998333
            ],
            [
              -73.5642004,
              45.4997937
            ],
            [
              -73.5640098,
              45.499698
            ],
            [
              -73.5639621,
              45.4996559
            ],
            [
              -73.5639818,
              45.4996394
            ],
            [
              -73.5638369,
              45.4995698
            ],
            [
              -73.5638725,
              45.4995373
            ],
            [
              -73.5638363,
              45.4995221
            ],
            [
              -73.563957,
              45.4994138
            ],
            [
              -73.5640307,
              45.4994265
            ],
            [
              -73.5640621,
              45.4994426
            ],
            [
              -73.5642149,
              45.4992964
            ],
            [
              -73.5642522,
              45.4993156
            ],
            [
              -73.5642984,
              45.4992714
            ],
            [
              -73.5643536,
              45.4992186
            ],
            [
              -73.564418,
              45.4991569
            ],
            [
              -73.5644478,
              45.4991284
            ],
            [
              -73.5645374,
              45.4990426
            ],
            [
              -73.56457,
              45.4990114
            ],
            [
              -73.5645827,
              45.4989993
            ],
            [
              -73.5646944,
              45.4988925
            ],
            [
              -73.5646128,
              45.4988506
            ],
            [
              -73.5647152,
              45.4987519
            ],
            [
              -73.5648209,
              45.4986615
            ]
          ]
        ]
      },
      "properties": {
        "id": "building_32",
        "osm_id": 21259418,
        "area": 19281.99,
        "height": 42.0,
        "solar_score": 94.0,
        "azimuth": 245.49436255986242,
        "shading": 10.207671826067914,
        "roof_area": 15425.6,
        "annual_kwh": 2175009.0,
        "payback_years": 24,
        "address": "7119 Rue Peel, Montreal, QC",
        "building_type": "commercial"
      }
    },
    {
      "type": "Feature",
      "geometry": {
        "type": "Polygon",
        "coordinates": [
          [
            [
              -73.5677129,
              45.4997863
            ],
            [
              -73.5678341,
              45.4996669
            ],
            [
              -73.5687744,
              45.5001214
            ],
            [
              -73.5686816,
              45.5002199
            ],
            [
              -73.5686366,
              45.5001995
            ],
            [
              -73.568624,
              45.5002107
            ],
            [
              -73.5686104,
              45.5002131
            ],
            [
              -73.5685958,
              45.5002075
            ],
            [
              -73.5680659,
              45.5007422
            ],
            [
              -73.5679316,
              45.5006772
            ],
            [
              -73.5679859,
              45.5006167
            ],
            [
              -73.5679351,
              45.5005922
            ],
            [
              -73.5683668,
              45.5001567
            ],
            [
              -73.5682339,
              45.5000952
            ],
            [
              -73.5682733,
              45.5000545
            ],
            [
              -73.5679715,
              45.4999108
            ],
            [
              -73.5677129,
              45.4997863
            ]
          ]
        ]
      },
      "properties": {
        "id": "building_33",
        "osm_id": 21260475,
        "area": 2742.22,
        "height": 73.5,
        "solar_score": 67.0,
        "azimuth": 334.29809714756794,
        "shading": 9.217487873668155,
        "roof_area": 2193.77,
        "annual_kwh": 220474.0,
        "payback_years": 22,
        "address": "900 Boulevard Ren\u00e9-L\u00e9vesque Ouest, Montr\u00e9al, QC",
        "building_type": "residential"
      }
    },
    {
      "type": "Feature",
      "geometry": {
        "type": "Polygon",
        "coordinates": [
          [
            [
              -73.569048,
              45.4994835
            ],
            [
              -73.5690725,
              45.4994949
            ],
            [
              -73.5690578,
              45.4995105
            ],
            [
              -73.5690227,
              45.4995476
            ],
            [
              -73.5689853,
              45.4995872
            ],
            [
              -73.568964,
              45.4996097
            ],
            [
              -73.5689395,
              45.4995983
            ],
            [
              -73.5689259,
              45.4996123
            ],
            [
              -73.5688143,
              45.4997316
            ],
            [
              -73.5687809,
              45.4997363
            ],
            [
              -73.5687141,
              45.4997076
            ],
            [
              -73.5687122,
              45.4996814
            ],
            [
              -73.568699,
              45.4996761
            ],
            [
              -73.5686678,
              45.4997098
            ],
            [
              -73.5685164,
              45.4996406
            ],
            [
              -73.5685415,
              45.4996136
            ],
            [
              -73.5685912,
              45.4995601
            ],
            [
              -73.5685518,
              45.4995429
            ],
            [
              -73.5685259,
              45.4995709
            ],
            [
              -73.5683781,
              45.4995031
            ],
            [
              -73.568372,
              45.4995095
            ],
            [
              -73.568359,
              45.4995043
            ],
            [
              -73.5683519,
              45.4995117
            ],
            [
              -73.5683122,
              45.4994943
            ],
            [
              -73.5682704,
              45.4994752
            ],
            [
              -73.5682614,
              45.4994713
            ],
            [
              -73.568237,
              45.499496
            ],
            [
              -73.5682092,
              45.4994834
            ],
            [
              -73.5681764,
              45.499469
            ],
            [
              -73.5681649,
              45.4994639
            ],
            [
              -73.5680932,
              45.4994906
            ],
            [
              -73.5680002,
              45.4994515
            ],
            [
              -73.5680061,
              45.499371
            ],
            [
              -73.5680315,
              45.499344
            ],
            [
              -73.5680199,
              45.4993389
            ],
            [
              -73.5679968,
              45.4993273
            ],
            [
              -73.5679915,
              45.4993325
            ],
            [
              -73.5679797,
              45.499327
            ],
            [
              -73.5679724,
              45.4993346
            ],
            [
              -73.567869,
              45.4992864
            ],
            [
              -73.5678766,
              45.4992783
            ],
            [
              -73.5678648,
              45.4992728
            ],
            [
              -73.5678724,
              45.4992653
            ],
            [
              -73.5678606,
              45.49926
            ],
            [
              -73.5679111,
              45.4992065
            ],
            [
              -73.5678466,
              45.4991767
            ],
            [
              -73.5676354,
              45.4990761
            ],
            [
              -73.5678594,
              45.4988404
            ],
            [
              -73.5679589,
              45.4988896
            ],
            [
              -73.5680181,
              45.4989168
            ],
            [
              -73.5680673,
              45.4989407
            ],
            [
              -73.5681312,
              45.4989717
            ],
            [
              -73.5681804,
              45.4989192
            ],
            [
              -73.5681915,
              45.4989243
            ],
            [
              -73.568199,
              45.4989164
            ],
            [
              -73.5682111,
              45.4989217
            ],
            [
              -73.5682179,
              45.498914
            ],
            [
              -73.5683238,
              45.4989623
            ],
            [
              -73.5683702,
              45.4989833
            ],
            [
              -73.5683803,
              45.4989722
            ],
            [
              -73.5684798,
              45.498932
            ],
            [
              -73.5685837,
              45.4989798
            ],
            [
              -73.56857,
              45.4990371
            ],
            [
              -73.5685888,
              45.499045
            ],
            [
              -73.5686397,
              45.4990694
            ],
            [
              -73.5686151,
              45.4990961
            ],
            [
              -73.5687019,
              45.4991382
            ],
            [
              -73.5686947,
              45.4991462
            ],
            [
              -73.5687059,
              45.4991522
            ],
            [
              -73.5687011,
              45.4991575
            ],
            [
              -73.5688478,
              45.4992271
            ],
            [
              -73.5688208,
              45.4992543
            ],
            [
              -73.5690209,
              45.4993464
            ],
            [
              -73.5690607,
              45.4993022
            ],
            [
              -73.5690991,
              45.4992932
            ],
            [
              -73.5691649,
              45.4993236
            ],
            [
              -73.5691716,
              45.4993541
            ],
            [
              -73.5690685,
              45.4994628
            ],
            [
              -73.569048,
              45.4994835
            ]
          ]
        ]
      },
      "properties": {
        "id": "building_34",
        "osm_id": 21335240,
        "area": 5582.42,
        "height": 7.0,
        "solar_score": 99.0,
        "azimuth": 170.06189332780667,
        "shading": 11.994771586189328,
        "roof_area": 4465.93,
        "annual_kwh": 663191.0,
        "payback_years": 26,
        "address": "2153 Rue Saint-Denis, Montreal, QC",
        "building_type": "residential"
      }
    },
    {
      "type": "Feature",
      "geometry": {
        "type": "Polygon",
        "coordinates": [
          [
            [
              -73.5674618,
              45.497736
            ],
            [
              -73.5673807,
              45.4976989
            ],
            [
              -73.5673523,
              45.4977277
            ],
            [
              -73.5671635,
              45.4976331
            ],
            [
              -73.5671848,
              45.4976089
            ],
            [
              -73.5671072,
              45.497568
            ],
            [
              -73.5672986,
              45.497404
            ],
            [
              -73.567377,
              45.4974406
            ],
            [
              -73.5674075,
              45.4974075
            ],
            [
              -73.5675929,
              45.4974783
            ],
            [
              -73.5675715,
              45.4975033
            ],
            [
              -73.5676521,
              45.4975415
            ],
            [
              -73.5676184,
              45.4975752
            ],
            [
              -73.5674907,
              45.4977108
            ],
            [
              -73.5674618,
              45.497736
            ]
          ]
        ]
      },
      "properties": {
        "id": "building_35",
        "osm_id": 21335844,
        "area": 938.47,
        "height": 7.0,
        "solar_score": 83.0,
        "azimuth": 204.49698678904085,
        "shading": 6.335430640072013,
        "roof_area": 750.78,
        "annual_kwh": 93472.0,
        "payback_years": 15,
        "address": "1050 Rue de La Gaucheti\u00e8re Ouest, Montr\u00e9al, QC",
        "building_type": "residential"
      }
    },
    {
      "type": "Feature",
      "geometry": {
        "type": "Polygon",
        "coordinates": [
          [
            [
              -73.5690342,
              45.4976281
            ],
            [
              -73.5690666,
              45.4975956
            ],
            [
              -73.5691103,
              45.4975519
            ],
            [
              -73.5691689,
              45.4975807
            ],
            [
              -73.5692077,
              45.497542
            ],
            [
              -73.5693665,
              45.49762
            ],
            [
              -73.5693869,
              45.4975997
            ],
            [
              -73.5694351,
              45.4976234
            ],
            [
              -73.5694422,
              45.4976163
            ],
            [
              -73.5694763,
              45.4976081
            ],
            [
              -73.5695013,
              45.4975819
            ],
            [
              -73.5694602,
              45.4975627
            ],
            [
              -73.5694848,
              45.4975369
            ],
            [
              -73.5694689,
              45.4975294
            ],
            [
              -73.5694887,
              45.4975087
            ],
            [
              -73.5695279,
              45.4974675
            ],
            [
              -73.5695617,
              45.4974833
            ],
            [
              -73.5698553,
              45.4976206
            ],
            [
              -73.569868,
              45.4976266
            ],
            [
              -73.5697245,
              45.4977773
            ],
            [
              -73.5696713,
              45.4977525
            ],
            [
              -73.5696236,
              45.4978025
            ],
            [
              -73.5696266,
              45.4978379
            ],
            [
              -73.5695967,
              45.4978684
            ],
            [
              -73.5695456,
              45.4978768
            ],
            [
              -73.5695019,
              45.4978566
            ],
            [
              -73.5694468,
              45.4979152
            ],
            [
              -73.5693319,
              45.497862
            ],
            [
              -73.5693216,
              45.497873
            ],
            [
              -73.5692784,
              45.4978842
            ],
            [
              -73.5692388,
              45.4978655
            ],
            [
              -73.569235,
              45.4978296
            ],
            [
              -73.5692454,
              45.4978192
            ],
            [
              -73.5692055,
              45.4977996
            ],
            [
              -73.5692298,
              45.4977753
            ],
            [
              -73.569131,
              45.4977268
            ],
            [
              -73.5690893,
              45.4977686
            ],
            [
              -73.5690147,
              45.497732
            ],
            [
              -73.5690908,
              45.4976559
            ],
            [
              -73.5690342,
              45.4976281
            ]
          ]
        ]
      },
      "properties": {
        "id": "building_36",
        "osm_id": 21336481,
        "area": 1714.18,
        "height": 7.0,
        "solar_score": 86.0,
        "azimuth": 249.42601587006493,
        "shading": 21.479171989120246,
        "roof_area": 1371.34,
        "annual_kwh": 176904.0,
        "payback_years": 22,
        "address": "2403 Rue Peel, Montreal, QC",
        "building_type": "institutional"
      }
    },
    {
      "type": "Feature",
      "geometry": {
        "type": "Polygon",
        "coordinates": [
          [
            [
              -73.5735779,
              45.4984498
            ],
            [
              -73.5734368,
              45.4985967
            ],
            [
              -73.5730365,
              45.4984054
            ],
            [
              -73.573065,
              45.4983728
            ],
            [
              -73.5731354,
              45.498304
            ],
            [
              -73.5731812,
              45.4982638
            ],
            [
              -73.5735779,
              45.4984498
            ]
          ]
        ]
      },
      "properties": {
        "id": "building_37",
        "osm_id": 21337360,
        "area": 735.44,
        "height": 7.0,
        "solar_score": 78.0,
        "azimuth": 113.42446351414,
        "shading": 11.739896446225167,
        "roof_area": 588.35,
        "annual_kwh": 68837.0,
        "payback_years": 29,
        "address": "2824 Rue Sherbrooke, Montreal, QC",
        "building_type": "residential"
      }
    },
    {
      "type": "Feature",
      "geometry": {
        "type": "Polygon",
        "coordinates": [
          [
            [
              -73.5730663,
              45.503295
            ],
            [
              -73.5731744,
              45.503282
            ],
            [
              -73.5732832,
              45.5032674
            ],
            [
              -73.5733427,
              45.5032962
            ],
            [
              -73.5733861,
              45.5032537
            ],
            [
              -73.5734714,
              45.5032959
            ],
            [
              -73.5729759,
              45.503802
            ],
            [
              -73.5727012,
              45.5036721
            ],
            [
              -73.5726888,
              45.5036093
            ],
            [
              -73.5729709,
              45.5033173
            ],
            [
              -73.5730199,
              45.5033392
            ],
            [
              -73.5730663,
              45.503295
            ]
          ]
        ]
      },
      "properties": {
        "id": "building_38",
        "osm_id": 21343733,
        "area": 1798.33,
        "height": 70.0,
        "solar_score": 83.0,
        "azimuth": 348.3094268236888,
        "shading": 11.723702063477376,
        "roof_area": 1438.67,
        "annual_kwh": 179114.0,
        "payback_years": 23,
        "address": "3709 Rue Saint-Denis, Montreal, QC",
        "building_type": "commercial"
      }
    },
    {
      "type": "Feature",
      "geometry": {
        "type": "Polygon",
        "coordinates": [
          [
            [
              -73.5729709,
              45.5033173
            ],
            [
              -73.5726888,
              45.5036093
            ],
            [
              -73.5725968,
              45.5036203
            ],
            [
              -73.5723256,
              45.5034875
            ],
            [
              -73.5725576,
              45.5032489
            ],
            [
              -73.5725879,
              45.5032619
            ],
            [
              -73.572581,
              45.5032275
            ],
            [
              -73.5727243,
              45.5030816
            ],
            [
              -73.5728219,
              45.5029784
            ],
            [
              -73.5729057,
              45.5030176
            ],
            [
              -73.5728613,
              45.5030658
            ],
            [
              -73.572923,
              45.5030942
            ],
            [
              -73.5728823,
              45.5031386
            ],
            [
              -73.5729481,
              45.5031688
            ],
            [
              -73.5729,
              45.503216
            ],
            [
              -73.5729671,
              45.5032466
            ],
            [
              -73.572923,
              45.5032941
            ],
            [
              -73.5729709,
              45.5033173
            ]
          ]
        ]
      },
      "properties": {
        "id": "building_39",
        "osm_id": 21343735,
        "area": 1763.19,
        "height": 56.0,
        "solar_score": 94.0,
        "azimuth": 182.51710155588668,
        "shading": 18.135549373331994,
        "roof_area": 1410.55,
        "annual_kwh": 198888.0,
        "payback_years": 19,
        "address": "7000 Boulevard Ren\u00e9-L\u00e9vesque, Montreal, QC",
        "building_type": "commercial"
      }
    },
    {
      "type": "Feature",
      "geometry": {
        "type": "Polygon",
        "coordinates": [
          [
            [
              -73.5722456,
              45.503566
            ],
            [
              -73.5728925,
              45.5038785
            ],
            [
              -73.572706,
              45.5040755
            ],
            [
              -73.5724333,
              45.504354
            ],
            [
              -73.5719873,
              45.5041373
            ],
            [
              -73.5717796,
              45.5040407
            ],
            [
              -73.5722456,
              45.503566
            ]
          ]
        ]
      },
      "properties": {
        "id": "building_40",
        "osm_id": 21343738,
        "area": 3927.56,
        "height": 7.0,
        "solar_score": 91.0,
        "azimuth": 102.08726203791218,
        "shading": 13.351650654430093,
        "roof_area": 3142.05,
        "annual_kwh": 428890.0,
        "payback_years": 16,
        "address": "608 Rue Sainte-Catherine, Montreal, QC",
        "building_type": "commercial"
      }
    },
    {
      "type": "Feature",
      "geometry": {
        "type": "Polygon",
        "coordinates": [
          [
            [
              -73.5671901,
              45.5051668
            ],
            [
              -73.5676107,
              45.5053727
            ],
            [
              -73.5672632,
              45.5057645
            ],
            [
              -73.5668989,
              45.5061857
            ],
            [
              -73.5665504,
              45.5060204
            ],
            [
              -73.5671901,
              45.5051668
            ]
          ]
        ]
      },
      "properties": {
        "id": "building_41",
        "osm_id": 21345696,
        "area": 3844.56,
        "height": 21.0,
        "solar_score": 79.0,
        "azimuth": 197.6006404038132,
        "shading": 13.528340836277454,
        "roof_area": 3075.65,
        "annual_kwh": 364465.0,
        "payback_years": 29,
        "address": "372 Rue Sainte-Catherine Ouest, Montr\u00e9al, QC",
        "building_type": "residential"
      }
    },
    {
      "type": "Feature",
      "geometry": {
        "type": "Polygon",
        "coordinates": [
          [
            [
              -73.5661009,
              45.504651
            ],
            [
              -73.5661067,
              45.5046744
            ],
            [
              -73.5660848,
              45.504697
            ],
            [
              -73.5660617,
              45.5047208
            ],
            [
              -73.566041,
              45.5047422
            ],
            [
              -73.5658996,
              45.5048882
            ],
            [
              -73.565877,
              45.5049115
            ],
            [
              -73.5658555,
              45.5049337
            ],
            [
              -73.5658336,
              45.5049563
            ],
            [
              -73.5657951,
              45.5049605
            ],
            [
              -73.5657637,
              45.5049452
            ],
            [
              -73.565734,
              45.5049308
            ],
            [
              -73.5656995,
              45.504914
            ],
            [
              -73.5654917,
              45.5048131
            ],
            [
              -73.5654584,
              45.5047969
            ],
            [
              -73.5654251,
              45.5047807
            ],
            [
              -73.5653928,
              45.504765
            ],
            [
              -73.5653873,
              45.5047426
            ],
            [
              -73.5654093,
              45.5047201
            ],
            [
              -73.5654318,
              45.5046969
            ],
            [
              -73.5654547,
              45.5046733
            ],
            [
              -73.5655284,
              45.5045977
            ],
            [
              -73.5655996,
              45.5045251
            ],
            [
              -73.5656185,
              45.5045058
            ],
            [
              -73.5656416,
              45.5044823
            ],
            [
              -73.565664,
              45.5044595
            ],
            [
              -73.5656993,
              45.5044566
            ],
            [
              -73.5657277,
              45.5044704
            ],
            [
              -73.5657592,
              45.5044856
            ],
            [
              -73.56579,
              45.5045005
            ],
            [
              -73.5659006,
              45.5045541
            ],
            [
              -73.5660042,
              45.5046042
            ],
            [
              -73.5660364,
              45.5046198
            ],
            [
              -73.5660699,
              45.504636
            ],
            [
              -73.5661009,
              45.504651
            ]
          ]
        ]
      },
      "properties": {
        "id": "building_42",
        "osm_id": 21345699,
        "area": 1750.14,
        "height": 77.0,
        "solar_score": 67.0,
        "azimuth": 355.06606815668107,
        "shading": 19.89884325626322,
        "roof_area": 1400.11,
        "annual_kwh": 140711.0,
        "payback_years": 18,
        "address": "2026 Rue Saint-Laurent, Montreal, QC",
        "building_type": "commercial"
      }
    },
    {
      "type": "Feature",
      "geometry": {
        "type": "Polygon",
        "coordinates": [
          [
            [
              -73.5662266,
              45.5050991
            ],
            [
              -73.566389,
              45.5051698
            ],
            [
              -73.5664078,
              45.5051647
            ],
            [
              -73.5666088,
              45.5052572
            ],
            [
              -73.5666153,
              45.505279
            ],
            [
              -73.5666045,
              45.5052907
            ],
            [
              -73.5666367,
              45.5053044
            ],
            [
              -73.566646,
              45.5053189
            ],
            [
              -73.5666114,
              45.5053531
            ],
            [
              -73.5665972,
              45.5053542
            ],
            [
              -73.5665611,
              45.5053377
            ],
            [
              -73.5665506,
              45.5053476
            ],
            [
              -73.5665699,
              45.5053576
            ],
            [
              -73.5665286,
              45.5054008
            ],
            [
              -73.5665401,
              45.5054066
            ],
            [
              -73.5665014,
              45.5054481
            ],
            [
              -73.5665179,
              45.5054992
            ],
            [
              -73.5664679,
              45.5055532
            ],
            [
              -73.5663975,
              45.5055605
            ],
            [
              -73.5663611,
              45.5055997
            ],
            [
              -73.5663236,
              45.5055832
            ],
            [
              -73.5661862,
              45.5057275
            ],
            [
              -73.5662042,
              45.5057954
            ],
            [
              -73.5660866,
              45.5058098
            ],
            [
              -73.5660672,
              45.5057438
            ],
            [
              -73.5660424,
              45.5057498
            ],
            [
              -73.5658529,
              45.5056639
            ],
            [
              -73.5658641,
              45.5056525
            ],
            [
              -73.5657749,
              45.5056648
            ],
            [
              -73.5657455,
              45.5055916
            ],
            [
              -73.5658362,
              45.5055746
            ],
            [
              -73.5659749,
              45.5054234
            ],
            [
              -73.565941,
              45.5054076
            ],
            [
              -73.5659786,
              45.5053674
            ],
            [
              -73.5659561,
              45.5053179
            ],
            [
              -73.5660045,
              45.5052658
            ],
            [
              -73.5660814,
              45.5052564
            ],
            [
              -73.5661121,
              45.5052244
            ],
            [
              -73.5660898,
              45.5052143
            ],
            [
              -73.5661404,
              45.5051601
            ],
            [
              -73.5661633,
              45.5051713
            ],
            [
              -73.5662266,
              45.5050991
            ]
          ]
        ]
      },
      "properties": {
        "id": "building_43",
        "osm_id": 21345700,
        "area": 2689.81,
        "height": 7.0,
        "solar_score": 80.0,
        "azimuth": 238.6873340895468,
        "shading": 21.49495421445724,
        "roof_area": 2151.85,
        "annual_kwh": 258222.0,
        "payback_years": 28,
        "address": "1290 Rue Sainte-Catherine, Montreal, QC",
        "building_type": "institutional"
      }
    },
    {
      "type": "Feature",
      "geometry": {
        "type": "Polygon",
        "coordinates": [
          [
            [
              -73.5682509,
              45.5049653
            ],
            [
              -73.5683291,
              45.5050062
            ],
            [
              -73.5683155,
              45.5050215
            ],
            [
              -73.5684207,
              45.505074
            ],
            [
              -73.568576,
              45.5051514
            ],
            [
              -73.5685912,
              45.5051372
            ],
            [
              -73.5686372,
              45.5051601
            ],
            [
              -73.5686784,
              45.505117
            ],
            [
              -73.5686348,
              45.5050972
            ],
            [
              -73.5687348,
              45.5049941
            ],
            [
              -73.5684199,
              45.5048446
            ],
            [
              -73.5683432,
              45.504856
            ],
            [
              -73.5682509,
              45.5049653
            ]
          ]
        ]
      },
      "properties": {
        "id": "building_44",
        "osm_id": 21346894,
        "area": 701.16,
        "height": 7.0,
        "solar_score": 81.0,
        "azimuth": 125.3868732968165,
        "shading": 24.365008078171353,
        "roof_area": 560.93,
        "annual_kwh": 68152.0,
        "payback_years": 17,
        "address": "3463 Rue Peel, Montreal, QC",
        "building_type": "residential"
      }
    },
    {
      "type": "Feature",
      "geometry": {
        "type": "Polygon",
        "coordinates": [
          [
            [
              -73.5695824,
              45.506651
            ],
            [
              -73.5700135,
              45.5068174
            ],
            [
              -73.5694915,
              45.5073629
            ],
            [
              -73.5691668,
              45.5072132
            ],
            [
              -73.5695824,
              45.506651
            ]
          ]
        ]
      },
      "properties": {
        "id": "building_45",
        "osm_id": 21347160,
        "area": 2453.62,
        "height": 7.0,
        "solar_score": 71.0,
        "azimuth": 270.7511394567771,
        "shading": 23.057933303100743,
        "roof_area": 1962.9,
        "annual_kwh": 209049.0,
        "payback_years": 26,
        "address": "6503 Rue Sherbrooke, Montreal, QC",
        "building_type": "residential"
      }
    },
    {
      "type": "Feature",
      "geometry": {
        "type": "Polygon",
        "coordinates": [
          [
            [
              -73.5616654,
              45.5148677
            ],
            [
              -73.5629064,
              45.5154599
            ],
            [
              -73.5632926,
              45.5156394
            ],
            [
              -73.5632464,
              45.5157597
            ],
            [
              -73.563074,
              45.5159378
            ],
            [
              -73.5630191,
              45.5159969
            ],
            [
              -73.5626039,
              45.5158475
            ],
            [
              -73.5625584,
              45.515825
            ],
            [
              -73.5622213,
              45.5156665
            ],
            [
              -73.5615797,
              45.5153165
            ],
            [
              -73.5616164,
              45.5152733
            ],
            [
              -73.5616422,
              45.5152496
            ],
            [
              -73.5618115,
              45.5150816
            ],
            [
              -73.5616897,
              45.5149983
            ],
            [
              -73.561594,
              45.5149365
            ],
            [
              -73.5616654,
              45.5148677
            ]
          ]
        ]
      },
      "properties": {
        "id": "building_46",
        "osm_id": 23028929,
        "area": 6640.84,
        "height": 17.5,
        "solar_score": 74.0,
        "azimuth": 329.3422758251394,
        "shading": 17.68959371347963,
        "roof_area": 5312.67,
        "annual_kwh": 589706.0,
        "payback_years": 19,
        "address": "475 Boulevard De Maisonneuve Est, Montr\u00e9al, QC",
        "building_type": "residential"
      }
    },
    {
      "type": "Feature",
      "geometry": {
        "type": "Polygon",
        "coordinates": [
          [
            [
              -73.5628377,
              45.4996267
            ],
            [
              -73.5626663,
              45.4995489
            ],
            [
              -73.5625801,
              45.499648
            ],
            [
              -73.5625556,
              45.4996765
            ],
            [
              -73.5623807,
              45.4997051
            ],
            [
              -73.5623858,
              45.4996986
            ],
            [
              -73.5623514,
              45.499684
            ],
            [
              -73.5623745,
              45.4996572
            ],
            [
              -73.5622839,
              45.4996176
            ],
            [
              -73.5622585,
              45.4996211
            ],
            [
              -73.5622318,
              45.4996257
            ],
            [
              -73.5621345,
              45.499738
            ],
            [
              -73.5621685,
              45.4997528
            ],
            [
              -73.5621474,
              45.4997765
            ],
            [
              -73.562077,
              45.4997949
            ],
            [
              -73.5619492,
              45.4999334
            ],
            [
              -73.5626261,
              45.5002327
            ],
            [
              -73.5626571,
              45.5002526
            ],
            [
              -73.5628328,
              45.5000473
            ],
            [
              -73.562935,
              45.4999336
            ],
            [
              -73.562921,
              45.4998986
            ],
            [
              -73.5628324,
              45.4998564
            ],
            [
              -73.562808,
              45.499883
            ],
            [
              -73.5627718,
              45.4998702
            ],
            [
              -73.5627654,
              45.4998775
            ],
            [
              -73.5627264,
              45.4997526
            ],
            [
              -73.5627672,
              45.4997064
            ],
            [
              -73.5628377,
              45.4996267
            ]
          ]
        ]
      },
      "properties": {
        "id": "building_47",
        "osm_id": 25847445,
        "area": 3148.55,
        "height": 7.0,
        "solar_score": 75.0,
        "azimuth": 347.3983274905089,
        "shading": 11.670815496890373,
        "roof_area": 2518.84,
        "annual_kwh": 283369.0,
        "payback_years": 30,
        "address": "777 Boulevard Robert-Bourassa, Montr\u00e9al, QC",
        "building_type": "residential"
      }
    },
    {
      "type": "Feature",
      "geometry": {
        "type": "Polygon",
        "coordinates": [
          [
            [
              -73.5688093,
              45.5123209
            ],
            [
              -73.5686841,
              45.5124494
            ],
            [
              -73.5687238,
              45.5124685
            ],
            [
              -73.5685477,
              45.5126605
            ],
            [
              -73.5681846,
              45.5125026
            ],
            [
              -73.5680375,
              45.5124386
            ],
            [
              -73.568137,
              45.5120114
            ],
            [
              -73.5684886,
              45.5121733
            ],
            [
              -73.5688093,
              45.5123209
            ]
          ]
        ]
      },
      "properties": {
        "id": "building_48",
        "osm_id": 26134733,
        "area": 2386.94,
        "height": 7.0,
        "solar_score": 78.0,
        "azimuth": 304.69815575202693,
        "shading": 15.322444209458975,
        "roof_area": 1909.56,
        "annual_kwh": 223418.0,
        "payback_years": 29,
        "address": "3959 Rue Crescent, Montreal, QC",
        "building_type": "residential"
      }
    },
    {
      "type": "Feature",
      "geometry": {
        "type": "Polygon",
        "coordinates": [
          [
            [
              -73.5644498,
              45.4949039
            ],
            [
              -73.564431,
              45.4948895
            ],
            [
              -73.5644037,
              45.4948686
            ],
            [
              -73.5643795,
              45.4948501
            ],
            [
              -73.5643074,
              45.4947948
            ],
            [
              -73.5642026,
              45.4947145
            ],
            [
              -73.564291,
              45.4946581
            ],
            [
              -73.5643124,
              45.4946444
            ],
            [
              -73.5643019,
              45.4946396
            ],
            [
              -73.5642111,
              45.4945975
            ],
            [
              -73.5638584,
              45.4944371
            ],
            [
              -73.5638186,
              45.4944199
            ],
            [
              -73.5634805,
              45.4949325
            ],
            [
              -73.5634896,
              45.4949368
            ],
            [
              -73.5634356,
              45.495017
            ],
            [
              -73.563481,
              45.4950305
            ],
            [
              -73.5635167,
              45.4950416
            ],
            [
              -73.5634566,
              45.4951318
            ],
            [
              -73.5635102,
              45.4951706
            ],
            [
              -73.5635232,
              45.4951824
            ],
            [
              -73.5635018,
              45.4951988
            ],
            [
              -73.563486,
              45.4952197
            ],
            [
              -73.5634793,
              45.4952427
            ],
            [
              -73.5634768,
              45.4952648
            ],
            [
              -73.5634835,
              45.4952956
            ],
            [
              -73.5634987,
              45.4953192
            ],
            [
              -73.5635288,
              45.4953459
            ],
            [
              -73.563572,
              45.4953667
            ],
            [
              -73.5636202,
              45.4953763
            ],
            [
              -73.563667,
              45.4953767
            ],
            [
              -73.5637151,
              45.495369
            ],
            [
              -73.5637578,
              45.4953485
            ],
            [
              -73.5641935,
              45.4950707
            ],
            [
              -73.5643194,
              45.4949888
            ],
            [
              -73.5644498,
              45.4949039
            ]
          ]
        ]
      },
      "properties": {
        "id": "building_49",
        "osm_id": 26500290,
        "area": 4677.69,
        "height": 14.0,
        "solar_score": 95.0,
        "azimuth": 166.5682843624057,
        "shading": 8.81560946724865,
        "roof_area": 3742.15,
        "annual_kwh": 533257.0,
        "payback_years": 20,
        "address": "1111 Rue Notre-Dame Ouest, Montr\u00e9al, QC",
        "building_type": "residential"
      }
    },
    {
      "type": "Feature",
      "geometry": {
        "type": "Polygon",
        "coordinates": [
          [
            [
              -73.5629913,
              45.495195
            ],
            [
              -73.5631791,
              45.49491
            ],
            [
              -73.5632007,
              45.4948773
            ],
            [
              -73.5631891,
              45.4948737
            ],
            [
              -73.5633374,
              45.4946699
            ],
            [
              -73.5633077,
              45.494659
            ],
            [
              -73.5633678,
              45.4945835
            ],
            [
              -73.563395,
              45.4945935
            ],
            [
              -73.5636016,
              45.4943125
            ],
            [
              -73.5621398,
              45.4937586
            ],
            [
              -73.5620819,
              45.49384
            ],
            [
              -73.5620503,
              45.4938821
            ],
            [
              -73.5619032,
              45.4940942
            ],
            [
              -73.5619171,
              45.4940994
            ],
            [
              -73.5618616,
              45.4941621
            ],
            [
              -73.5619098,
              45.4941823
            ],
            [
              -73.5619176,
              45.4941843
            ],
            [
              -73.5618814,
              45.4942272
            ],
            [
              -73.5618529,
              45.4942641
            ],
            [
              -73.5618337,
              45.4942907
            ],
            [
              -73.5618156,
              45.4943181
            ],
            [
              -73.5617583,
              45.4942972
            ],
            [
              -73.561485,
              45.4946901
            ],
            [
              -73.5616002,
              45.4947354
            ],
            [
              -73.5628197,
              45.4952322
            ],
            [
              -73.562831,
              45.4952179
            ],
            [
              -73.5628344,
              45.4952137
            ],
            [
              -73.5628624,
              45.4952204
            ],
            [
              -73.5628851,
              45.4952205
            ],
            [
              -73.5629073,
              45.4952173
            ],
            [
              -73.5629279,
              45.4952103
            ],
            [
              -73.5629462,
              45.4952001
            ],
            [
              -73.5629592,
              45.4951859
            ],
            [
              -73.5629691,
              45.4951888
            ],
            [
              -73.5629913,
              45.495195
            ]
          ]
        ]
      },
      "properties": {
        "id": "building_50",
        "osm_id": 26500307,
        "area": 14975.72,
        "height": 17.5,
        "solar_score": 88.0,
        "azimuth": 207.5958376419807,
        "shading": 24.269097526407595,
        "roof_area": 11980.58,
        "annual_kwh": 1581436.0,
        "payback_years": 27,
        "address": "1100 Rue Notre-Dame Ouest, Montr\u00e9al, QC",
        "building_type": "residential"
      }
    },
    {
      "type": "Feature",
      "geometry": {
        "type": "Polygon",
        "coordinates": [
          [
            [
              -73.5661037,
              45.5145782
            ],
            [
              -73.5661103,
              45.5146004
            ],
            [
              -73.5661169,
              45.5146229
            ],
            [
              -73.5660151,
              45.5146397
            ],
            [
              -73.5659644,
              45.5146927
            ],
            [
              -73.5660208,
              45.5148657
            ],
            [
              -73.5666465,
              45.5151482
            ],
            [
              -73.5668604,
              45.5151144
            ],
            [
              -73.5670179,
              45.5149406
            ],
            [
              -73.5669991,
              45.5148865
            ],
            [
              -73.5671615,
              45.5147092
            ],
            [
              -73.5671263,
              45.5146088
            ],
            [
              -73.5669385,
              45.5145217
            ],
            [
              -73.5670825,
              45.5143623
            ],
            [
              -73.56731,
              45.5144685
            ],
            [
              -73.567346,
              45.5144278
            ],
            [
              -73.5673184,
              45.5144156
            ],
            [
              -73.567522,
              45.5141909
            ],
            [
              -73.567283,
              45.5140824
            ],
            [
              -73.5672127,
              45.5141564
            ],
            [
              -73.5671363,
              45.5141225
            ],
            [
              -73.5671513,
              45.5141075
            ],
            [
              -73.5671491,
              45.5140917
            ],
            [
              -73.5664508,
              45.5137767
            ],
            [
              -73.5664332,
              45.5137801
            ],
            [
              -73.5662088,
              45.5140236
            ],
            [
              -73.5661343,
              45.5141045
            ],
            [
              -73.5661382,
              45.514121
            ],
            [
              -73.5663126,
              45.5142019
            ],
            [
              -73.5663018,
              45.5142125
            ],
            [
              -73.5662755,
              45.5142385
            ],
            [
              -73.566244,
              45.5142696
            ],
            [
              -73.5662004,
              45.5142702
            ],
            [
              -73.5661745,
              45.5142011
            ],
            [
              -73.5660936,
              45.5141625
            ],
            [
              -73.566081,
              45.5141761
            ],
            [
              -73.5660689,
              45.5141892
            ],
            [
              -73.5660424,
              45.5141771
            ],
            [
              -73.566032,
              45.5141888
            ],
            [
              -73.5659804,
              45.5141652
            ],
            [
              -73.5659639,
              45.5142159
            ],
            [
              -73.5659528,
              45.5142397
            ],
            [
              -73.5659433,
              45.5142601
            ],
            [
              -73.5659267,
              45.5142571
            ],
            [
              -73.5659144,
              45.5142549
            ],
            [
              -73.5659101,
              45.5142541
            ],
            [
              -73.5658894,
              45.5143237
            ],
            [
              -73.5659009,
              45.5143253
            ],
            [
              -73.5658749,
              45.5143655
            ],
            [
              -73.5658437,
              45.5144591
            ],
            [
              -73.5659537,
              45.514508
            ],
            [
              -73.5659665,
              45.5144939
            ],
            [
              -73.5660224,
              45.5145198
            ],
            [
              -73.5660323,
              45.5145457
            ],
            [
              -73.5661037,
              45.5145782
            ]
          ]
        ]
      },
      "properties": {
        "id": "building_51",
        "osm_id": 27342768,
        "area": 10946.31,
        "height": 38.5,
        "solar_score": 84.0,
        "azimuth": 201.23219897893284,
        "shading": 12.069918919348172,
        "roof_area": 8757.05,
        "annual_kwh": 1103388.0,
        "payback_years": 18,
        "address": "9688 Rue Saint-Denis, Montreal, QC",
        "building_type": "residential"
      }
    },
    {
      "type": "Feature",
      "geometry": {
        "type": "Polygon",
        "coordinates": [
          [
            [
              -73.5699589,
              45.4955111
            ],
            [
              -73.5699125,
              45.495546
            ],
            [
              -73.5698092,
              45.4956269
            ],
            [
              -73.5697306,
              45.4956904
            ],
            [
              -73.5690504,
              45.4952788
            ],
            [
              -73.5690964,
              45.4952397
            ],
            [
              -73.5691329,
              45.4952087
            ],
            [
              -73.5691495,
              45.4951917
            ],
            [
              -73.569488,
              45.4953457
            ],
            [
              -73.5695082,
              45.4953316
            ],
            [
              -73.5695378,
              45.4953095
            ],
            [
              -73.5695446,
              45.4953125
            ],
            [
              -73.5696425,
              45.4953574
            ],
            [
              -73.5697615,
              45.4954144
            ],
            [
              -73.5698824,
              45.4954718
            ],
            [
              -73.5699589,
              45.4955111
            ]
          ]
        ]
      },
      "properties": {
        "id": "building_52",
        "osm_id": 27343017,
        "area": 1418.08,
        "height": 28.0,
        "solar_score": 74.0,
        "azimuth": 265.6307244326491,
        "shading": 6.580937119035557,
        "roof_area": 1134.46,
        "annual_kwh": 125926.0,
        "payback_years": 24,
        "address": "1290 Avenue des Canadiens-de-Montr\u00e9al, Montr\u00e9al, QC",
        "building_type": "residential"
      }
    },
    {
      "type": "Feature",
      "geometry": {
        "type": "Polygon",
        "coordinates": [
          [
            [
              -73.5735365,
              45.5018777
            ],
            [
              -73.5733525,
              45.5017915
            ],
            [
              -73.5735438,
              45.5015951
            ],
            [
              -73.5736259,
              45.5015108
            ],
            [
              -73.5737937,
              45.5015902
            ],
            [
              -73.5737644,
              45.5016358
            ],
            [
              -73.5737765,
              45.5016414
            ],
            [
              -73.5735608,
              45.5018514
            ],
            [
              -73.5735365,
              45.5018777
            ]
          ]
        ]
      },
      "properties": {
        "id": "building_53",
        "osm_id": 35927928,
        "area": 652.88,
        "height": 49.0,
        "solar_score": 87.0,
        "azimuth": 31.84506442813322,
        "shading": 23.163034241713866,
        "roof_area": 522.3,
        "annual_kwh": 68161.0,
        "payback_years": 15,
        "address": "980 Boulevard de Maisonneuve Ouest, Montreal, QC",
        "building_type": "residential"
      }
    },
    {
      "type": "Feature",
      "geometry": {
        "type": "Polygon",
        "coordinates": [
          [
            [
              -73.5667003,
              45.4977488
            ],
            [
              -73.5668025,
              45.4976468
            ],
            [
              -73.566831,
              45.4976157
            ],
            [
              -73.5668546,
              45.4975928
            ],
            [
              -73.5670082,
              45.4974318
            ],
            [
              -73.567001,
              45.4974212
            ],
            [
              -73.5668946,
              45.4973723
            ],
            [
              -73.5666313,
              45.4972464
            ],
            [
              -73.5666085,
              45.4972355
            ],
            [
              -73.5666037,
              45.4972402
            ],
            [
              -73.5665957,
              45.4972365
            ],
            [
              -73.5662882,
              45.4975334
            ],
            [
              -73.5662776,
              45.497545
            ],
            [
              -73.5662857,
              45.4975485
            ],
            [
              -73.5662796,
              45.4975537
            ],
            [
              -73.5663942,
              45.4976086
            ],
            [
              -73.5664201,
              45.497621
            ],
            [
              -73.566563,
              45.4976894
            ],
            [
              -73.5666318,
              45.4977224
            ],
            [
              -73.5666905,
              45.4977505
            ],
            [
              -73.5666947,
              45.4977466
            ],
            [
              -73.5667003,
              45.4977488
            ]
          ]
        ]
      },
      "properties": {
        "id": "building_54",
        "osm_id": 35928370,
        "area": 1724.96,
        "height": 7.0,
        "solar_score": 92.0,
        "azimuth": 242.74717990192863,
        "shading": 15.046220880929244,
        "roof_area": 1379.97,
        "annual_kwh": 190436.0,
        "payback_years": 19,
        "address": "6903 Rue Peel, Montreal, QC",
        "building_type": "commercial"
      }
    },
    {
      "type": "Feature",
      "geometry": {
        "type": "Polygon",
        "coordinates": [
          [
            [
              -73.5691908,
              45.5135515
            ],
            [
              -73.5694225,
              45.5136555
            ],
            [
              -73.5697337,
              45.513326
            ],
            [
              -73.569429,
              45.5131931
            ],
            [
              -73.5693,
              45.5133234
            ],
            [
              -73.5692805,
              45.5133143
            ],
            [
              -73.5692019,
              45.5134041
            ],
            [
              -73.5692763,
              45.5134447
            ],
            [
              -73.5691908,
              45.5135515
            ]
          ]
        ]
      },
      "properties": {
        "id": "building_55",
        "osm_id": 36424631,
        "area": 1166.15,
        "height": 7.0,
        "solar_score": 92.0,
        "azimuth": 47.60597823788342,
        "shading": 8.268195847015305,
        "roof_area": 932.92,
        "annual_kwh": 128743.0,
        "payback_years": 17,
        "address": "696 Rue Saint-Denis, Montreal, QC",
        "building_type": "residential"
      }
    },
    {
      "type": "Feature",
      "geometry": {
        "type": "Polygon",
        "coordinates": [
          [
            [
              -73.5671474,
              45.5096634
            ],
            [
              -73.566853,
              45.5095434
            ],
            [
              -73.5666323,
              45.5094428
            ],
            [
              -73.5660541,
              45.5091303
            ],
            [
              -73.5660776,
              45.5091053
            ],
            [
              -73.5662746,
              45.5088958
            ],
            [
              -73.5665157,
              45.5089875
            ],
            [
              -73.5668735,
              45.5091415
            ],
            [
              -73.5670763,
              45.5092348
            ],
            [
              -73.5674008,
              45.5093952
            ],
            [
              -73.5673419,
              45.509472
            ],
            [
              -73.5672127,
              45.509609
            ],
            [
              -73.5671474,
              45.5096634
            ]
          ]
        ]
      },
      "properties": {
        "id": "building_56",
        "osm_id": 36430660,
        "area": 3781.86,
        "height": 7.0,
        "solar_score": 97.0,
        "azimuth": 355.92963886740745,
        "shading": 16.23172186185201,
        "roof_area": 3025.49,
        "annual_kwh": 440209.0,
        "payback_years": 27,
        "address": "7258 Rue Sherbrooke, Montreal, QC",
        "building_type": "residential"
      }
    },
    {
      "type": "Feature",
      "geometry": {
        "type": "Polygon",
        "coordinates": [
          [
            [
              -73.5667227,
              45.5110838
            ],
            [
              -73.5668847,
              45.5107794
            ],
            [
              -73.5665276,
              45.5106137
            ],
            [
              -73.5663585,
              45.510807
            ],
            [
              -73.566266,
              45.5109049
            ],
            [
              -73.5666813,
              45.5110972
            ],
            [
              -73.5667227,
              45.5110838
            ]
          ]
        ]
      },
      "properties": {
        "id": "building_57",
        "osm_id": 36430662,
        "area": 1417.91,
        "height": 35.0,
        "solar_score": 87.0,
        "azimuth": 321.17601768990704,
        "shading": 24.12328371158621,
        "roof_area": 1134.33,
        "annual_kwh": 148029.0,
        "payback_years": 20,
        "address": "1194 Rue Crescent, Montreal, QC",
        "building_type": "residential"
      }
    },
    {
      "type": "Feature",
      "geometry": {
        "type": "Polygon",
        "coordinates": [
          [
            [
              -73.5681508,
              45.5082151
            ],
            [
              -73.5680955,
              45.5082715
            ],
            [
              -73.5680584,
              45.5082561
            ],
            [
              -73.5680479,
              45.508268
            ],
            [
              -73.5678459,
              45.5081762
            ],
            [
              -73.5678771,
              45.5081302
            ],
            [
              -73.5679014,
              45.5081399
            ],
            [
              -73.5679176,
              45.5081228
            ],
            [
              -73.5679387,
              45.5081324
            ],
            [
              -73.5679481,
              45.5081212
            ],
            [
              -73.5679906,
              45.5081409
            ],
            [
              -73.5681508,
              45.5082151
            ]
          ]
        ]
      },
      "properties": {
        "id": "building_58",
        "osm_id": 36519033,
        "area": 196.52,
        "height": 7.0,
        "solar_score": 46.0,
        "azimuth": 203.9468007746922,
        "shading": 7.290132007810972,
        "roof_area": 157.22,
        "annual_kwh": 10848.0,
        "payback_years": 27,
        "address": "5968 Rue Peel, Montreal, QC",
        "building_type": "residential"
      }
    },
    {
      "type": "Feature",
      "geometry": {
        "type": "Polygon",
        "coordinates": [
          [
            [
              -73.5689316,
              45.5148676
            ],
            [
              -73.5688485,
              45.5149618
            ],
            [
              -73.5688094,
              45.5149461
            ],
            [
              -73.568765,
              45.514997
            ],
            [
              -73.568855,
              45.5150377
            ],
            [
              -73.568748,
              45.5151626
            ],
            [
              -73.5686809,
              45.5151332
            ],
            [
              -73.5686725,
              45.5151429
            ],
            [
              -73.5685806,
              45.5151038
            ],
            [
              -73.5685892,
              45.5150934
            ],
            [
              -73.5684739,
              45.5150438
            ],
            [
              -73.5687218,
              45.5147748
            ],
            [
              -73.5687773,
              45.5147989
            ],
            [
              -73.5687894,
              45.5147867
            ],
            [
              -73.5688791,
              45.5148285
            ],
            [
              -73.5688697,
              45.5148403
            ],
            [
              -73.5689316,
              45.5148676
            ]
          ]
        ]
      },
      "properties": {
        "id": "building_59",
        "osm_id": 38718894,
        "area": 779.63,
        "height": 7.0,
        "solar_score": 90.0,
        "azimuth": 24.00768009066031,
        "shading": 20.28694438628257,
        "roof_area": 623.7,
        "annual_kwh": 84200.0,
        "payback_years": 19,
        "address": "1091 Avenue McGill College, Montreal, QC",
        "building_type": "residential"
      }
    },
    {
      "type": "Feature",
      "geometry": {
        "type": "Polygon",
        "coordinates": [
          [
            [
              -73.5595828,
              45.5021551
            ],
            [
              -73.5589825,
              45.501933
            ],
            [
              -73.5589634,
              45.5019568
            ],
            [
              -73.5589593,
              45.501955
            ],
            [
              -73.5588097,
              45.5021587
            ],
            [
              -73.5586907,
              45.5023179
            ],
            [
              -73.5592587,
              45.5025966
            ],
            [
              -73.5595828,
              45.5021551
            ]
          ]
        ]
      },
      "properties": {
        "id": "building_60",
        "osm_id": 38911498,
        "area": 2765.87,
        "height": 7.0,
        "solar_score": 94.0,
        "azimuth": 121.4960999251523,
        "shading": 8.511427318157308,
        "roof_area": 2212.7,
        "annual_kwh": 311990.0,
        "payback_years": 20,
        "address": "6350 Avenue du Parc, Montreal, QC",
        "building_type": "commercial"
      }
    },
    {
      "type": "Feature",
      "geometry": {
        "type": "Polygon",
        "coordinates": [
          [
            [
              -73.5609857,
              45.5012168
            ],
            [
              -73.5608985,
              45.5012259
            ],
            [
              -73.5607765,
              45.5012386
            ],
            [
              -73.5607689,
              45.5012029
            ],
            [
              -73.5607599,
              45.5011605
            ],
            [
              -73.5608656,
              45.5011495
            ],
            [
              -73.5609691,
              45.5011387
            ],
            [
              -73.5609857,
              45.5012168
            ]
          ]
        ]
      },
      "properties": {
        "id": "building_61",
        "osm_id": 38911515,
        "area": 144.6,
        "height": 7.0,
        "solar_score": 66.0,
        "azimuth": 130.0259250037529,
        "shading": 6.660489413239564,
        "roof_area": 115.68,
        "annual_kwh": 11452.0,
        "payback_years": 30,
        "address": "797 Rue Sherbrooke, Montreal, QC",
        "building_type": "residential"
      }
    },
    {
      "type": "Feature",
      "geometry": {
        "type": "Polygon",
        "coordinates": [
          [
            [
              -73.5716298,
              45.49826
            ],
            [
              -73.5715576,
              45.4982247
            ],
            [
              -73.5714968,
              45.4981949
            ],
            [
              -73.5715354,
              45.4981523
            ],
            [
              -73.5712489,
              45.4980133
            ],
            [
              -73.5714956,
              45.4977559
            ],
            [
              -73.5716362,
              45.4978233
            ],
            [
              -73.571587,
              45.4978742
            ],
            [
              -73.5719454,
              45.4980364
            ],
            [
              -73.5717117,
              45.4982782
            ],
            [
              -73.5716427,
              45.4982464
            ],
            [
              -73.5716298,
              45.49826
            ]
          ]
        ]
      },
      "properties": {
        "id": "building_62",
        "osm_id": 38949594,
        "area": 1489.44,
        "height": 133.0,
        "solar_score": 92.0,
        "azimuth": 167.80476788021326,
        "shading": 10.025632976029303,
        "roof_area": 1191.55,
        "annual_kwh": 164435.0,
        "payback_years": 28,
        "address": "1201 Boulevard Ren\u00e9-L\u00e9vesque Ouest, Montr\u00e9al, QC",
        "building_type": "residential"
      }
    },
    {
      "type": "Feature",
      "geometry": {
        "type": "Polygon",
        "coordinates": [
          [
            [
              -73.5726492,
              45.4979556
            ],
            [
              -73.5721038,
              45.4985321
            ],
            [
              -73.5720223,
              45.4984898
            ],
            [
              -73.5719731,
              45.4984654
            ],
            [
              -73.5717326,
              45.4983527
            ],
            [
              -73.5722902,
              45.4977844
            ],
            [
              -73.5723612,
              45.4978186
            ],
            [
              -73.5726492,
              45.4979556
            ]
          ]
        ]
      },
      "properties": {
        "id": "building_63",
        "osm_id": 38949641,
        "area": 2639.81,
        "height": 24.5,
        "solar_score": 89.0,
        "azimuth": 334.01362028428997,
        "shading": 24.556157342235018,
        "roof_area": 2111.84,
        "annual_kwh": 281931.0,
        "payback_years": 26,
        "address": "1200 Rue Stanley, Montr\u00e9al, QC",
        "building_type": "residential"
      }
    },
    {
      "type": "Feature",
      "geometry": {
        "type": "Polygon",
        "coordinates": [
          [
            [
              -73.5701025,
              45.5091694
            ],
            [
              -73.5701025,
              45.509206
            ],
            [
              -73.5700867,
              45.5092364
            ],
            [
              -73.5700699,
              45.5092558
            ],
            [
              -73.570083,
              45.5092639
            ],
            [
              -73.5700586,
              45.5092832
            ],
            [
              -73.5700524,
              45.5092881
            ],
            [
              -73.5700284,
              45.5093006
            ],
            [
              -73.5700017,
              45.5093145
            ],
            [
              -73.5699859,
              45.5093077
            ],
            [
              -73.5699714,
              45.5093152
            ],
            [
              -73.5699399,
              45.5093008
            ],
            [
              -73.569079,
              45.5088946
            ],
            [
              -73.5692125,
              45.5087501
            ],
            [
              -73.5701025,
              45.5091694
            ]
          ]
        ]
      },
      "properties": {
        "id": "building_64",
        "osm_id": 39115446,
        "area": 1651.34,
        "height": 7.0,
        "solar_score": 78.0,
        "azimuth": 128.22128436229698,
        "shading": 21.78315933143385,
        "roof_area": 1321.07,
        "annual_kwh": 154565.0,
        "payback_years": 27,
        "address": "2101 Avenue Jeanne-Mance, Montreal, QC",
        "building_type": "residential"
      }
    },
    {
      "type": "Feature",
      "geometry": {
        "type": "Polygon",
        "coordinates": [
          [
            [
              -73.5695778,
              45.5097712
            ],
            [
              -73.5694712,
              45.5098752
            ],
            [
              -73.568685,
              45.509507
            ],
            [
              -73.5686251,
              45.5094784
            ],
            [
              -73.5686856,
              45.5094153
            ],
            [
              -73.568921,
              45.5094666
            ],
            [
              -73.5695778,
              45.5097712
            ]
          ]
        ]
      },
      "properties": {
        "id": "building_65",
        "osm_id": 39115450,
        "area": 1067.37,
        "height": 7.0,
        "solar_score": 94.0,
        "azimuth": 106.39587975950187,
        "shading": 8.10879765895173,
        "roof_area": 853.9,
        "annual_kwh": 120399.0,
        "payback_years": 16,
        "address": "145 Avenue du Pr\u00e9sident-Kennedy, Montr\u00e9al, QC",
        "building_type": "residential"
      }
    },
    {
      "type": "Feature",
      "geometry": {
        "type": "Polygon",
        "coordinates": [
          [
            [
              -73.5694328,
              45.50919
            ],
            [
              -73.5693394,
              45.5092817
            ],
            [
              -73.5693799,
              45.5093024
            ],
            [
              -73.5693918,
              45.5092887
            ],
            [
              -73.5697005,
              45.5094367
            ],
            [
              -73.5695878,
              45.5095531
            ],
            [
              -73.5692805,
              45.509411
            ],
            [
              -73.569287,
              45.5094045
            ],
            [
              -73.5692429,
              45.509384
            ],
            [
              -73.5691583,
              45.5094784
            ],
            [
              -73.5690051,
              45.509408
            ],
            [
              -73.5692729,
              45.5091129
            ],
            [
              -73.5694328,
              45.50919
            ]
          ]
        ]
      },
      "properties": {
        "id": "building_66",
        "osm_id": 39115462,
        "area": 1071.64,
        "height": 7.0,
        "solar_score": 90.0,
        "azimuth": 342.9974378795883,
        "shading": 6.1907006962533195,
        "roof_area": 857.31,
        "annual_kwh": 115738.0,
        "payback_years": 22,
        "address": "175 Avenue du President Kennedy, Montr\u00e9al, QC",
        "building_type": "residential"
      }
    },
    {
      "type": "Feature",
      "geometry": {
        "type": "Polygon",
        "coordinates": [
          [
            [
              -73.5653388,
              45.5143117
            ],
            [
              -73.5651358,
              45.5142219
            ],
            [
              -73.5652453,
              45.5141003
            ],
            [
              -73.5652898,
              45.51412
            ],
            [
              -73.5654526,
              45.5139393
            ],
            [
              -73.565611,
              45.5140094
            ],
            [
              -73.5654732,
              45.5141624
            ],
            [
              -73.5653388,
              45.5143117
            ]
          ]
        ]
      },
      "properties": {
        "id": "building_67",
        "osm_id": 41551745,
        "area": 645.46,
        "height": 42.0,
        "solar_score": 77.0,
        "azimuth": 18.12168096583417,
        "shading": 22.47121160455342,
        "roof_area": 516.37,
        "annual_kwh": 59640.0,
        "payback_years": 23,
        "address": "250 Rue Ontario Est, Montr\u00e9al, QC",
        "building_type": "residential"
      }
    },
    {
      "type": "Feature",
      "geometry": {
        "type": "Polygon",
        "coordinates": [
          [
            [
              -73.5650407,
              45.5141659
            ],
            [
              -73.5649369,
              45.5141208
            ],
            [
              -73.5649021,
              45.5141601
            ],
            [
              -73.5648396,
              45.5142308
            ],
            [
              -73.5648013,
              45.5142741
            ],
            [
              -73.5647852,
              45.5142822
            ],
            [
              -73.5648953,
              45.5143301
            ],
            [
              -73.5650407,
              45.5141659
            ]
          ]
        ]
      },
      "properties": {
        "id": "building_68",
        "osm_id": 41551748,
        "area": 204.65,
        "height": 7.0,
        "solar_score": 86.0,
        "azimuth": 123.01889313178386,
        "shading": 16.757471259452064,
        "roof_area": 163.72,
        "annual_kwh": 21119.0,
        "payback_years": 22,
        "address": "5339 Rue Saint-Laurent, Montreal, QC",
        "building_type": "residential"
      }
    },
    {
      "type": "Feature",
      "geometry": {
        "type": "Polygon",
        "coordinates": [
          [
            [
              -73.5648036,
              45.5140583
            ],
            [
              -73.5646903,
              45.5140083
            ],
            [
              -73.5645396,
              45.5141759
            ],
            [
              -73.5646529,
              45.5142259
            ],
            [
              -73.5646855,
              45.5141896
            ],
            [
              -73.5647343,
              45.5141353
            ],
            [
              -73.5647754,
              45.5140896
            ],
            [
              -73.5648036,
              45.5140583
            ]
          ]
        ]
      },
      "properties": {
        "id": "building_69",
        "osm_id": 41551749,
        "area": 229.59,
        "height": 7.0,
        "solar_score": 72.0,
        "azimuth": 235.42084988579498,
        "shading": 20.681780143858255,
        "roof_area": 183.67,
        "annual_kwh": 19836.0,
        "payback_years": 24,
        "address": "1464 Boulevard Ren\u00e9-L\u00e9vesque, Montreal, QC",
        "building_type": "residential"
      }
    },
    {
      "type": "Feature",
      "geometry": {
        "type": "Polygon",
        "coordinates": [
          [
            [
              -73.564821,
              45.5136271
            ],
            [
              -73.5646997,
              45.5135735
            ],
            [
              -73.5644285,
              45.5138749
            ],
            [
              -73.5645497,
              45.5139284
            ],
            [
              -73.5646202,
              45.5138502
            ],
            [
              -73.5647505,
              45.5137055
            ],
            [
              -73.564821,
              45.5136271
            ]
          ]
        ]
      },
      "properties": {
        "id": "building_70",
        "osm_id": 41551750,
        "area": 442.29,
        "height": 7.0,
        "solar_score": 76.0,
        "azimuth": 135.1921830874461,
        "shading": 17.520369965666827,
        "roof_area": 353.83,
        "annual_kwh": 40337.0,
        "payback_years": 22,
        "address": "2387 Rue Sherbrooke, Montreal, QC",
        "building_type": "residential"
      }
    },
    {
      "type": "Feature",
      "geometry": {
        "type": "Polygon",
        "coordinates": [
          [
            [
              -73.5641269,
              45.5131138
            ],
            [
              -73.5639234,
              45.5130222
            ],
            [
              -73.5639998,
              45.5129388
            ],
            [
              -73.5642034,
              45.5130305
            ],
            [
              -73.5641269,
              45.5131138
            ]
          ]
        ]
      },
      "properties": {
        "id": "building_71",
        "osm_id": 41551751,
        "area": 207.55,
        "height": 10.5,
        "solar_score": 63.0,
        "azimuth": 140.4205157023689,
        "shading": 7.5933023915188524,
        "roof_area": 166.04,
        "annual_kwh": 15691.0,
        "payback_years": 28,
        "address": "235 Boulevard de Maisonneuve Est, Montr\u00e9al, QC",
        "building_type": "residential"
      }
    },
    {
      "type": "Feature",
      "geometry": {
        "type": "Polygon",
        "coordinates": [
          [
            [
              -73.5639234,
              45.5130222
            ],
            [
              -73.5636975,
              45.5129214
            ],
            [
              -73.5637737,
              45.5128375
            ],
            [
              -73.5639998,
              45.5129388
            ],
            [
              -73.5639234,
              45.5130222
            ]
          ]
        ]
      },
      "properties": {
        "id": "building_72",
        "osm_id": 41551752,
        "area": 230.43,
        "height": 10.5,
        "solar_score": 80.0,
        "azimuth": 201.94850831853182,
        "shading": 20.449138086111745,
        "roof_area": 184.34,
        "annual_kwh": 22121.0,
        "payback_years": 27,
        "address": "245 Boulevard de Maisonneuve Est, Montr\u00e9al, QC",
        "building_type": "residential"
      }
    },
    {
      "type": "Feature",
      "geometry": {
        "type": "Polygon",
        "coordinates": [
          [
            [
              -73.5636975,
              45.5129214
            ],
            [
              -73.5634935,
              45.5128307
            ],
            [
              -73.563569,
              45.5127469
            ],
            [
              -73.5637737,
              45.5128375
            ],
            [
              -73.5636975,
              45.5129214
            ]
          ]
        ]
      },
      "properties": {
        "id": "building_73",
        "osm_id": 41551753,
        "area": 207.88,
        "height": 10.5,
        "solar_score": 88.0,
        "azimuth": 340.68386336935805,
        "shading": 11.645568640112272,
        "roof_area": 166.31,
        "annual_kwh": 21952.0,
        "payback_years": 24,
        "address": "255 Boulevard de Maisonneuve Est, Montr\u00e9al, QC",
        "building_type": "residential"
      }
    },
    {
      "type": "Feature",
      "geometry": {
        "type": "Polygon",
        "coordinates": [
          [
            [
              -73.5637628,
              45.5135171
            ],
            [
              -73.5636533,
              45.5134677
            ],
            [
              -73.5637552,
              45.5133558
            ],
            [
              -73.5638653,
              45.5134038
            ],
            [
              -73.5638348,
              45.5134387
            ],
            [
              -73.5637906,
              45.5134868
            ],
            [
              -73.5637628,
              45.5135171
            ]
          ]
        ]
      },
      "properties": {
        "id": "building_74",
        "osm_id": 41551754,
        "area": 150.65,
        "height": 7.0,
        "solar_score": 47.0,
        "azimuth": 46.24825451379095,
        "shading": 8.526412919604018,
        "roof_area": 120.52,
        "annual_kwh": 8497.0,
        "payback_years": 28,
        "address": "8490 Avenue McGill College, Montreal, QC",
        "building_type": "residential"
      }
    },
    {
      "type": "Feature",
      "geometry": {
        "type": "Polygon",
        "coordinates": [
          [
            [
              -73.5637552,
              45.5133558
            ],
            [
              -73.5638416,
              45.5132592
            ],
            [
              -73.5639511,
              45.5133078
            ],
            [
              -73.5639267,
              45.5133346
            ],
            [
              -73.5638877,
              45.5133786
            ],
            [
              -73.5638653,
              45.5134038
            ],
            [
              -73.5637552,
              45.5133558
            ]
          ]
        ]
      },
      "properties": {
        "id": "building_75",
        "osm_id": 41551755,
        "area": 127.38,
        "height": 7.0,
        "solar_score": 58.0,
        "azimuth": 266.4514325813416,
        "shading": 24.56107660349658,
        "roof_area": 101.9,
        "annual_kwh": 8866.0,
        "payback_years": 25,
        "address": "462 Rue Saint-Laurent, Montreal, QC",
        "building_type": "residential"
      }
    },
    {
      "type": "Feature",
      "geometry": {
        "type": "Polygon",
        "coordinates": [
          [
            [
              -73.5639511,
              45.5133078
            ],
            [
              -73.5639737,
              45.5132828
            ],
            [
              -73.5640235,
              45.5132278
            ],
            [
              -73.5640505,
              45.5131978
            ],
            [
              -73.5639411,
              45.5131492
            ],
            [
              -73.5638416,
              45.5132592
            ],
            [
              -73.5639511,
              45.5133078
            ]
          ]
        ]
      },
      "properties": {
        "id": "building_76",
        "osm_id": 41551756,
        "area": 146.13,
        "height": 7.0,
        "solar_score": 67.0,
        "azimuth": 296.33540969344017,
        "shading": 14.92974856345986,
        "roof_area": 116.9,
        "annual_kwh": 11749.0,
        "payback_years": 23,
        "address": "4022 Rue Saint-Denis, Montreal, QC",
        "building_type": "residential"
      }
    },
    {
      "type": "Feature",
      "geometry": {
        "type": "Polygon",
        "coordinates": [
          [
            [
              -73.563501,
              45.5130569
            ],
            [
              -73.5630987,
              45.5135017
            ],
            [
              -73.5629777,
              45.513448
            ],
            [
              -73.5630413,
              45.5133776
            ],
            [
              -73.5631787,
              45.5132256
            ],
            [
              -73.5633086,
              45.513082
            ],
            [
              -73.5633799,
              45.5130031
            ],
            [
              -73.563501,
              45.5130569
            ]
          ]
        ]
      },
      "properties": {
        "id": "building_77",
        "osm_id": 41551757,
        "area": 653.5,
        "height": 10.5,
        "solar_score": 93.0,
        "azimuth": 334.99542503579096,
        "shading": 15.078955205840685,
        "roof_area": 522.8,
        "annual_kwh": 72931.0,
        "payback_years": 17,
        "address": "662 Rue Saint-Denis, Montreal, QC",
        "building_type": "residential"
      }
    },
    {
      "type": "Feature",
      "geometry": {
        "type": "Polygon",
        "coordinates": [
          [
            [
              -73.5649177,
              45.5127939
            ],
            [
              -73.5647633,
              45.5127249
            ],
            [
              -73.564489,
              45.5130259
            ],
            [
              -73.5646436,
              45.5130954
            ],
            [
              -73.5648186,
              45.5129036
            ],
            [
              -73.5649177,
              45.5127939
            ]
          ]
        ]
      },
      "properties": {
        "id": "building_78",
        "osm_id": 41551758,
        "area": 568.2,
        "height": 7.0,
        "solar_score": 88.0,
        "azimuth": 291.9231160419988,
        "shading": 5.501198669145886,
        "roof_area": 454.56,
        "annual_kwh": 60001.0,
        "payback_years": 29,
        "address": "200 Rue Ontario Est, Montr\u00e9al, QC",
        "building_type": "residential"
      }
    },
    {
      "type": "Feature",
      "geometry": {
        "type": "Polygon",
        "coordinates": [
          [
            [
              -73.5661443,
              45.5120593
            ],
            [
              -73.5659901,
              45.5119911
            ],
            [
              -73.565718,
              45.5122924
            ],
            [
              -73.5658721,
              45.5123606
            ],
            [
              -73.5661443,
              45.5120593
            ]
          ]
        ]
      },
      "properties": {
        "id": "building_79",
        "osm_id": 41551763,
        "area": 562.82,
        "height": 7.0,
        "solar_score": 82.0,
        "azimuth": 179.12128719429657,
        "shading": 13.948222669867844,
        "roof_area": 450.26,
        "annual_kwh": 55382.0,
        "payback_years": 24,
        "address": "100 Rue Ontario Est, Montr\u00e9al, QC",
        "building_type": "residential"
      }
    },
    {
      "type": "Feature",
      "geometry": {
        "type": "Polygon",
        "coordinates": [
          [
            [
              -73.5644412,
              45.511301
            ],
            [
              -73.564285,
              45.5112312
            ],
            [
              -73.564255,
              45.5112646
            ],
            [
              -73.5640129,
              45.511534
            ],
            [
              -73.5641675,
              45.5116014
            ],
            [
              -73.5644412,
              45.511301
            ]
          ]
        ]
      },
      "properties": {
        "id": "building_80",
        "osm_id": 41551764,
        "area": 567.86,
        "height": 42.0,
        "solar_score": 89.0,
        "azimuth": 148.01587004447367,
        "shading": 19.81766440271759,
        "roof_area": 454.29,
        "annual_kwh": 60647.0,
        "payback_years": 17,
        "address": "100 Boulevard De Maisonneuve Est, Montreal, QC",
        "building_type": "residential"
      }
    },
    {
      "type": "Feature",
      "geometry": {
        "type": "Polygon",
        "coordinates": [
          [
            [
              -73.5634825,
              45.5130222
            ],
            [
              -73.5633956,
              45.5129834
            ],
            [
              -73.5634386,
              45.512936
            ],
            [
              -73.5635255,
              45.5129748
            ],
            [
              -73.5634825,
              45.5130222
            ]
          ]
        ]
      },
      "properties": {
        "id": "building_81",
        "osm_id": 41551768,
        "area": 50.11,
        "height": 7.0,
        "solar_score": 48.0,
        "azimuth": 53.627292868260845,
        "shading": 10.986526615157914,
        "roof_area": 40.09,
        "annual_kwh": 2886.0,
        "payback_years": 15,
        "address": "259 Boulevard de Maisonneuve Est, Montr\u00e9al, QC",
        "building_type": "residential"
      }
    },
    {
      "type": "Feature",
      "geometry": {
        "type": "Polygon",
        "coordinates": [
          [
            [
              -73.5648112,
              45.5125324
            ],
            [
              -73.5646864,
              45.5124776
            ],
            [
              -73.5648623,
              45.5122809
            ],
            [
              -73.5649872,
              45.5123357
            ],
            [
              -73.5648112,
              45.5125324
            ]
          ]
        ]
      },
      "properties": {
        "id": "building_82",
        "osm_id": 41551776,
        "area": 296.11,
        "height": 7.0,
        "solar_score": 86.0,
        "azimuth": 139.58274665263272,
        "shading": 12.320145296080138,
        "roof_area": 236.88,
        "annual_kwh": 30558.0,
        "payback_years": 24,
        "address": "3454 Rue Saint-Denis, Montreal, QC",
        "building_type": "residential"
      }
    },
    {
      "type": "Feature",
      "geometry": {
        "type": "Polygon",
        "coordinates": [
          [
            [
              -73.5652739,
              45.5131794
            ],
            [
              -73.5651588,
              45.5131247
            ],
            [
              -73.5649155,
              45.5133998
            ],
            [
              -73.5650259,
              45.5134515
            ],
            [
              -73.5650722,
              45.5134011
            ],
            [
              -73.5651176,
              45.5133502
            ],
            [
              -73.565163,
              45.5133019
            ],
            [
              -73.5652101,
              45.5132494
            ],
            [
              -73.5652556,
              45.5131977
            ],
            [
              -73.5652739,
              45.5131794
            ]
          ]
        ]
      },
      "properties": {
        "id": "building_83",
        "osm_id": 41551777,
        "area": 379.96,
        "height": 7.0,
        "solar_score": 66.0,
        "azimuth": 110.0222932120659,
        "shading": 6.7512167048772875,
        "roof_area": 303.97,
        "annual_kwh": 30093.0,
        "payback_years": 21,
        "address": "7865 Boulevard Saint-Joseph, Montreal, QC",
        "building_type": "residential"
      }
    },
    {
      "type": "Feature",
      "geometry": {
        "type": "Polygon",
        "coordinates": [
          [
            [
              -73.5649712,
              45.5121713
            ],
            [
              -73.5647478,
              45.5120686
            ],
            [
              -73.5648221,
              45.5119892
            ],
            [
              -73.5649388,
              45.5120428
            ],
            [
              -73.5650456,
              45.5120919
            ],
            [
              -73.5649712,
              45.5121713
            ]
          ]
        ]
      },
      "properties": {
        "id": "building_84",
        "osm_id": 41551778,
        "area": 219.74,
        "height": 7.0,
        "solar_score": 83.0,
        "azimuth": 318.4201437667066,
        "shading": 12.692210811471206,
        "roof_area": 175.79,
        "annual_kwh": 21886.0,
        "payback_years": 30,
        "address": "123 Boulevard de Maisonneuve Est, Montr\u00e9al, QC",
        "building_type": "residential"
      }
    },
    {
      "type": "Feature",
      "geometry": {
        "type": "Polygon",
        "coordinates": [
          [
            [
              -73.5647478,
              45.5120686
            ],
            [
              -73.5645439,
              45.5119791
            ],
            [
              -73.5646183,
              45.5118966
            ],
            [
              -73.5647377,
              45.5119495
            ],
            [
              -73.5648221,
              45.5119892
            ],
            [
              -73.5647478,
              45.5120686
            ]
          ]
        ]
      },
      "properties": {
        "id": "building_85",
        "osm_id": 41551779,
        "area": 202.67,
        "height": 7.0,
        "solar_score": 66.0,
        "azimuth": 320.94771617510474,
        "shading": 20.320826416795477,
        "roof_area": 162.14,
        "annual_kwh": 16052.0,
        "payback_years": 22,
        "address": "133 Boulevard de Maisonneuve Est, Montr\u00e9al, QC",
        "building_type": "residential"
      }
    },
    {
      "type": "Feature",
      "geometry": {
        "type": "Polygon",
        "coordinates": [
          [
            [
              -73.5645439,
              45.5119791
            ],
            [
              -73.564321,
              45.5118864
            ],
            [
              -73.5643968,
              45.5117993
            ],
            [
              -73.564528,
              45.5118553
            ],
            [
              -73.5646183,
              45.5118966
            ],
            [
              -73.5645439,
              45.5119791
            ]
          ]
        ]
      },
      "properties": {
        "id": "building_86",
        "osm_id": 41551780,
        "area": 226.48,
        "height": 7.0,
        "solar_score": 86.0,
        "azimuth": 276.61965927881647,
        "shading": 20.623826439927566,
        "roof_area": 181.18,
        "annual_kwh": 23372.0,
        "payback_years": 30,
        "address": "143 Boulevard de Maisonneuve Est, Montr\u00e9al, QC",
        "building_type": "residential"
      }
    },
    {
      "type": "Feature",
      "geometry": {
        "type": "Polygon",
        "coordinates": [
          [
            [
              -73.566066,
              45.5118404
            ],
            [
              -73.5659721,
              45.5117974
            ],
            [
              -73.5658656,
              45.5117504
            ],
            [
              -73.5659365,
              45.5116727
            ],
            [
              -73.566137,
              45.5117628
            ],
            [
              -73.566066,
              45.5118404
            ]
          ]
        ]
      },
      "properties": {
        "id": "building_87",
        "osm_id": 41551781,
        "area": 189.36,
        "height": 10.5,
        "solar_score": 50.0,
        "azimuth": 84.18359988350477,
        "shading": 10.260781248355599,
        "roof_area": 151.49,
        "annual_kwh": 11362.0,
        "payback_years": 22,
        "address": "1685 Rue Saint-Dominique, Montr\u00e9al, QC",
        "building_type": "residential"
      }
    },
    {
      "type": "Feature",
      "geometry": {
        "type": "Polygon",
        "coordinates": [
          [
            [
              -73.5658656,
              45.5117504
            ],
            [
              -73.5657659,
              45.5117057
            ],
            [
              -73.5656619,
              45.511659
            ],
            [
              -73.5657328,
              45.5115814
            ],
            [
              -73.5659365,
              45.5116727
            ],
            [
              -73.5658656,
              45.5117504
            ]
          ]
        ]
      },
      "properties": {
        "id": "building_88",
        "osm_id": 41551782,
        "area": 193.05,
        "height": 10.5,
        "solar_score": 58.0,
        "azimuth": 148.87027324132993,
        "shading": 22.92239382528823,
        "roof_area": 154.44,
        "annual_kwh": 13437.0,
        "payback_years": 24,
        "address": "1675 Rue Saint-Dominique, Montr\u00e9al, QC",
        "building_type": "residential"
      }
    },
    {
      "type": "Feature",
      "geometry": {
        "type": "Polygon",
        "coordinates": [
          [
            [
              -73.5662632,
              45.5119296
            ],
            [
              -73.5661559,
              45.5118811
            ],
            [
              -73.566066,
              45.5118404
            ],
            [
              -73.566137,
              45.5117628
            ],
            [
              -73.5663345,
              45.5118521
            ],
            [
              -73.5662632,
              45.5119296
            ]
          ]
        ]
      },
      "properties": {
        "id": "building_89",
        "osm_id": 41551783,
        "area": 187.51,
        "height": 10.5,
        "solar_score": 70.0,
        "azimuth": 247.9331329003511,
        "shading": 10.272026710615625,
        "roof_area": 150.01,
        "annual_kwh": 15751.0,
        "payback_years": 25,
        "address": "1695 Rue Saint-Dominique, Montr\u00e9al, QC",
        "building_type": "residential"
      }
    },
    {
      "type": "Feature",
      "geometry": {
        "type": "Polygon",
        "coordinates": [
          [
            [
              -73.5632796,
              45.5118304
            ],
            [
              -73.5630733,
              45.5117396
            ],
            [
              -73.5631486,
              45.5116556
            ],
            [
              -73.563258,
              45.5117037
            ],
            [
              -73.5633549,
              45.5117463
            ],
            [
              -73.5632796,
              45.5118304
            ]
          ]
        ]
      },
      "properties": {
        "id": "building_90",
        "osm_id": 41551784,
        "area": 209.29,
        "height": 10.5,
        "solar_score": 71.0,
        "azimuth": 326.0043181657129,
        "shading": 11.084989683531363,
        "roof_area": 167.43,
        "annual_kwh": 17831.0,
        "payback_years": 21,
        "address": "9533 Avenue du Mont-Royal, Montreal, QC",
        "building_type": "residential"
      }
    },
    {
      "type": "Feature",
      "geometry": {
        "type": "Polygon",
        "coordinates": [
          [
            [
              -73.563677,
              45.5120097
            ],
            [
              -73.563469,
              45.5119152
            ],
            [
              -73.5635468,
              45.5118311
            ],
            [
              -73.5636442,
              45.5118753
            ],
            [
              -73.5637549,
              45.5119255
            ],
            [
              -73.563677,
              45.5120097
            ]
          ]
        ]
      },
      "properties": {
        "id": "building_91",
        "osm_id": 41551785,
        "area": 215.23,
        "height": 7.0,
        "solar_score": 66.0,
        "azimuth": 9.728338046962005,
        "shading": 14.14678750648385,
        "roof_area": 172.18,
        "annual_kwh": 17046.0,
        "payback_years": 30,
        "address": "3504 Rue Sherbrooke, Montreal, QC",
        "building_type": "residential"
      }
    },
    {
      "type": "Feature",
      "geometry": {
        "type": "Polygon",
        "coordinates": [
          [
            [
              -73.563469,
              45.5119152
            ],
            [
              -73.5632796,
              45.5118304
            ],
            [
              -73.5633549,
              45.5117463
            ],
            [
              -73.5634499,
              45.5117883
            ],
            [
              -73.5635468,
              45.5118311
            ],
            [
              -73.563469,
              45.5119152
            ]
          ]
        ]
      },
      "properties": {
        "id": "building_92",
        "osm_id": 41551786,
        "area": 195.01,
        "height": 7.0,
        "solar_score": 50.0,
        "azimuth": 114.47520199772106,
        "shading": 18.53791564218552,
        "roof_area": 156.01,
        "annual_kwh": 11701.0,
        "payback_years": 20,
        "address": "8971 Rue Saint-Denis, Montreal, QC",
        "building_type": "residential"
      }
    },
    {
      "type": "Feature",
      "geometry": {
        "type": "Polygon",
        "coordinates": [
          [
            [
              -73.5641606,
              45.5110216
            ],
            [
              -73.5640939,
              45.5109924
            ],
            [
              -73.5639942,
              45.5109488
            ],
            [
              -73.5640688,
              45.5108641
            ],
            [
              -73.5642368,
              45.5109374
            ],
            [
              -73.5641606,
              45.5110216
            ]
          ]
        ]
      },
      "properties": {
        "id": "building_93",
        "osm_id": 41551787,
        "area": 169.93,
        "height": 10.5,
        "solar_score": 75.0,
        "azimuth": 241.61674370804528,
        "shading": 14.248758110980408,
        "roof_area": 135.94,
        "annual_kwh": 15293.0,
        "payback_years": 20,
        "address": "1525 Rue Saint-Dominique, Montreal, QC",
        "building_type": "residential"
      }
    },
    {
      "type": "Feature",
      "geometry": {
        "type": "Polygon",
        "coordinates": [
          [
            [
              -73.5645449,
              45.5111925
            ],
            [
              -73.5644495,
              45.51115
            ],
            [
              -73.5643698,
              45.5111145
            ],
            [
              -73.564446,
              45.5110305
            ],
            [
              -73.564621,
              45.5111085
            ],
            [
              -73.5645449,
              45.5111925
            ]
          ]
        ]
      },
      "properties": {
        "id": "building_94",
        "osm_id": 41551788,
        "area": 178.73,
        "height": 10.5,
        "solar_score": 69.0,
        "azimuth": 200.72026952635437,
        "shading": 14.359659741616921,
        "roof_area": 142.99,
        "annual_kwh": 14799.0,
        "payback_years": 18,
        "address": "1545 Rue Saint-Dominique, Montreal, QC",
        "building_type": "residential"
      }
    },
    {
      "type": "Feature",
      "geometry": {
        "type": "Polygon",
        "coordinates": [
          [
            [
              -73.5643698,
              45.5111145
            ],
            [
              -73.5642725,
              45.5110713
            ],
            [
              -73.5641606,
              45.5110216
            ],
            [
              -73.5642368,
              45.5109374
            ],
            [
              -73.564446,
              45.5110305
            ],
            [
              -73.5643698,
              45.5111145
            ]
          ]
        ]
      },
      "properties": {
        "id": "building_95",
        "osm_id": 41551789,
        "area": 213.69,
        "height": 10.5,
        "solar_score": 71.0,
        "azimuth": 261.8883945276918,
        "shading": 12.826117293243819,
        "roof_area": 170.95,
        "annual_kwh": 18206.0,
        "payback_years": 24,
        "address": "1535 Rue Saint-Dominique, Montreal, QC",
        "building_type": "residential"
      }
    },
    {
      "type": "Feature",
      "geometry": {
        "type": "Polygon",
        "coordinates": [
          [
            [
              -73.5655755,
              45.5118724
            ],
            [
              -73.565498,
              45.5118372
            ],
            [
              -73.5654844,
              45.5118318
            ],
            [
              -73.5654327,
              45.5118905
            ],
            [
              -73.5653307,
              45.5119991
            ],
            [
              -73.5652292,
              45.5121157
            ],
            [
              -73.5651542,
              45.5121987
            ],
            [
              -73.5652478,
              45.5122387
            ],
            [
              -73.5653764,
              45.5120944
            ],
            [
              -73.5655079,
              45.5119477
            ],
            [
              -73.5655755,
              45.5118724
            ]
          ]
        ]
      },
      "properties": {
        "id": "building_96",
        "osm_id": 41551790,
        "area": 409.29,
        "height": 7.0,
        "solar_score": 72.0,
        "azimuth": 84.44311489182945,
        "shading": 21.740689290145237,
        "roof_area": 327.43,
        "annual_kwh": 35362.0,
        "payback_years": 29,
        "address": "4982 Avenue du Parc, Montreal, QC",
        "building_type": "residential"
      }
    },
    {
      "type": "Feature",
      "geometry": {
        "type": "Polygon",
        "coordinates": [
          [
            [
              -73.5651226,
              45.5112567
            ],
            [
              -73.5650025,
              45.5112015
            ],
            [
              -73.5645995,
              45.511644
            ],
            [
              -73.5647221,
              45.5117019
            ],
            [
              -73.5647924,
              45.5116221
            ],
            [
              -73.5649177,
              45.5114779
            ],
            [
              -73.5650255,
              45.5113729
            ],
            [
              -73.5651226,
              45.5112567
            ]
          ]
        ]
      },
      "properties": {
        "id": "building_97",
        "osm_id": 41551791,
        "area": 662.33,
        "height": 10.5,
        "solar_score": 91.0,
        "azimuth": 270.30861019177723,
        "shading": 5.249654438120532,
        "roof_area": 529.87,
        "annual_kwh": 72327.0,
        "payback_years": 20,
        "address": "6680 Avenue du Mont-Royal, Montreal, QC",
        "building_type": "residential"
      }
    },
    {
      "type": "Feature",
      "geometry": {
        "type": "Polygon",
        "coordinates": [
          [
            [
              -73.5655027,
              45.5117476
            ],
            [
              -73.5654616,
              45.5117296
            ],
            [
              -73.565067,
              45.5115569
            ],
            [
              -73.5651367,
              45.5114787
            ],
            [
              -73.5655724,
              45.5116694
            ],
            [
              -73.5655027,
              45.5117476
            ]
          ]
        ]
      },
      "properties": {
        "id": "building_98",
        "osm_id": 41551792,
        "area": 410.05,
        "height": 7.0,
        "solar_score": 76.0,
        "azimuth": 43.16880523396394,
        "shading": 14.023160749293236,
        "roof_area": 328.04,
        "annual_kwh": 37397.0,
        "payback_years": 23,
        "address": "6360 Rue Saint-Denis, Montreal, QC",
        "building_type": "residential"
      }
    },
    {
      "type": "Feature",
      "geometry": {
        "type": "Polygon",
        "coordinates": [
          [
            [
              -73.5655554,
              45.5124865
            ],
            [
              -73.5654315,
              45.5124334
            ],
            [
              -73.5654999,
              45.5123551
            ],
            [
              -73.5655673,
              45.5122778
            ],
            [
              -73.5656913,
              45.5123309
            ],
            [
              -73.5656239,
              45.5124081
            ],
            [
              -73.5655554,
              45.5124865
            ]
          ]
        ]
      },
      "properties": {
        "id": "building_99",
        "osm_id": 41551793,
        "area": 229.41,
        "height": 7.0,
        "solar_score": 77.0,
        "azimuth": 112.44605391422245,
        "shading": 16.67284771128369,
        "roof_area": 183.53,
        "annual_kwh": 21198.0,
        "payback_years": 23,
        "address": "7651 Boulevard Ren\u00e9-L\u00e9vesque, Montreal, QC",
        "building_type": "residential"
      }
    }
  ]
}